seed,agent,acquisition_criterion,reversal_criterion,reacquisition_criterion,reacquisition_savings,early_reversal_perseveration,late_reversal_accuracy,old_value_end_acquisition,old_value_end_reversal,old_value_retention_ratio,old_slow_trace_retention_ratio,discard_fraction,suppressed_not_discarded,late_extinction_old_choice,post_rest_old_choice,spontaneous_recovery
0,random,,,,,0.5,0.525,0.0,0.0,0.0,0.0,1.0,0.0,0.43333333333333335,0.45,0.016666666666666663
0,tabular_q,40,49,40,0,0.5333333333333333,1.0,0.8785945792703629,0.13718580349927503,0.15614232859620222,0.0,0.8438576714037977,0.0,0.5,0.05,-0.45
0,metafly_dual_trace,148,51,53,95,0.6333333333333333,0.9,0.8306806335231802,0.07254581888034939,0.08733298448605879,0.37785317178880273,0.9126670155139412,0.0,0.3,0.15,-0.15
0,ablation_no_slow,62,80,40,22,1.0,0.95,0.9009656690981882,0.07555767646203772,0.08386299173604068,0.0,0.9161370082639593,0.0,0.5,0.95,0.44999999999999996
0,ablation_no_fast,40,157,40,0,0.9333333333333333,0.875,0.8646617552456097,0.14292355670168178,0.16529418103045845,0.16529418103045845,0.8347058189695415,0.0,0.5,0.1,-0.4
1,random,51,,,,0.6666666666666666,0.55,0.0,0.0,0.0,0.0,1.0,0.0,0.6,0.5,-0.09999999999999998
1,tabular_q,40,47,40,0,0.5,0.95,0.9290781331449377,0.09991369724238092,0.10754068326220548,0.0,0.8924593167377946,0.0,0.5,0.05,-0.45
1,metafly_dual_trace,40,40,40,0,0.16666666666666666,0.95,0.9043068790031612,0.14913935424969998,0.16492117633131334,0.6057741330786318,0.8350788236686867,1.0,0.5,0.0,-0.5
1,ablation_no_slow,40,48,40,0,0.5,0.925,0.8620786983762563,0.03303378757651047,0.03831876096547835,0.0,0.9616812390345216,0.0,0.5,1.0,0.5
1,ablation_no_fast,40,,102,-62,0.9333333333333333,0.0,0.8749704827116446,0.11008182719406576,0.1258120466566006,0.1258120466566006,0.8741879533433994,0.0,0.5333333333333333,0.0,-0.5333333333333333
2,random,,,,,0.4,0.6,0.0,0.0,0.0,0.0,1.0,0.0,0.5666666666666667,0.6,0.033333333333333326
2,tabular_q,40,53,40,0,0.6333333333333333,0.95,0.8743998596551882,0.07289111859033008,0.08336131094425615,0.0,0.9166386890557439,0.0,0.5,0.0,-0.5
2,metafly_dual_trace,57,40,48,9,0.23333333333333334,0.875,0.9351240169558722,0.08752705533236253,0.09359940900383576,0.5071948151988163,0.9064005909961642,1.0,0.43333333333333335,0.0,-0.43333333333333335
2,ablation_no_slow,40,53,55,-15,0.7,0.85,0.8671111084415092,0.12089503339989946,0.13942277088018,0.0,0.8605772291198199,0.0,0.5333333333333333,0.1,-0.43333333333333335
2,ablation_no_fast,49,157,40,9,0.9,0.975,0.8630777907460929,0.14525286532219933,0.16829637708164707,0.16829637708164707,0.831703622918353,0.0,0.5,0.95,0.44999999999999996
3,random,,,,,0.4,0.65,0.0,0.0,0.0,0.0,1.0,0.0,0.5,0.45,-0.04999999999999999
3,tabular_q,40,51,48,-8,0.6,0.95,0.8821906094094791,0.09937297376892978,0.11264342729225839,0.0,0.8873565727077416,0.0,0.5,0.0,-0.5
3,metafly_dual_trace,40,40,45,-5,0.2,0.975,0.8842172376444213,0.06092160166635249,0.0688989074999819,0.5445443146458117,0.931101092500018,1.0,0.4666666666666667,0.1,-0.3666666666666667
3,ablation_no_slow,40,40,40,0,0.23333333333333334,0.95,0.8682160342467591,0.05159543235611939,0.059426951727379926,0.0,0.9405730482726201,0.0,0.5,0.95,0.44999999999999996
3,ablation_no_fast,54,175,40,14,1.0,0.925,0.8669405779177173,0.12484227405570793,0.14400326531671115,0.14400326531671112,0.8559967346832889,0.0,0.5,0.9,0.4
4,random,,,,,0.6,0.525,0.0,0.0,0.0,0.0,1.0,0.0,0.4666666666666667,0.45,-0.016666666666666663
4,tabular_q,49,49,40,9,0.5,0.925,0.8859632889341245,0.14500313402619927,0.16366720363848047,0.0,0.8363327963615195,0.0,0.5,0.9,0.4
4,metafly_dual_trace,60,43,87,-27,0.3,0.975,0.8672412958904359,0.08268543621628256,0.09534305689558485,0.5010217038512705,0.9046569431044151,1.0,0.4,0.05,-0.35000000000000003
4,ablation_no_slow,43,41,40,3,0.26666666666666666,0.95,0.8996280260997198,0.086652250484131,0.09632008782541639,0.0,0.9036799121745837,0.0,0.5,1.0,0.5
4,ablation_no_fast,40,162,40,0,1.0,0.9,0.888765162102206,0.14972148767730006,0.16846012204524555,0.16846012204524555,0.8315398779547545,0.0,0.4666666666666667,1.0,0.5333333333333333
5,random,,,,,0.5666666666666667,0.575,0.0,0.0,0.0,0.0,1.0,0.0,0.5333333333333333,0.6,0.06666666666666665
5,tabular_q,40,50,40,0,0.5333333333333333,0.925,0.9143144168345406,0.12118461143033762,0.1325415078216664,0.0,0.8674584921783336,0.0,0.5,0.95,0.44999999999999996
5,metafly_dual_trace,58,59,40,18,0.8666666666666667,0.925,0.9108535871077548,0.111915510703512,0.12286882577789343,0.504653920434778,0.8771311742221066,1.0,0.4666666666666667,0.0,-0.4666666666666667
5,ablation_no_slow,40,55,46,-6,0.7,0.95,0.8821617254952183,0.07407280569915255,0.08396737645534368,0.0,0.9160326235446563,0.0,0.5,0.0,-0.5
5,ablation_no_fast,40,157,40,0,0.9666666666666667,0.95,0.8924423047622575,0.1532617600494913,0.1717329615950014,0.1717329615950014,0.8282670384049986,0.0,0.5,1.0,0.5
6,random,,,,,0.5333333333333333,0.5,0.0,0.0,0.0,0.0,1.0,0.0,0.36666666666666664,0.5,0.13333333333333336
6,tabular_q,45,56,85,-40,0.7666666666666667,0.925,0.9353750278910866,0.1076740548550892,0.115113245109668,0.0,0.884886754890332,0.0,0.5,0.05,-0.45
6,metafly_dual_trace,53,45,40,13,0.43333333333333335,1.0,0.9515065089936013,0.08792982502635033,0.09241116502645137,0.49466849954481923,0.9075888349735486,0.0,0.4666666666666667,0.0,-0.4666666666666667
6,ablation_no_slow,40,56,40,0,0.7333333333333333,0.975,0.8360611164910898,0.05750864093295571,0.06878521174901285,0.0,0.9312147882509871,0.0,0.5,0.95,0.44999999999999996
6,ablation_no_fast,40,162,40,0,0.9333333333333333,0.925,0.8725613326990952,0.1349747575016982,0.1546879886187262,0.1546879886187262,0.8453120113812738,0.0,0.5,1.0,0.5
7,random,,,,,0.6333333333333333,0.55,0.0,0.0,0.0,0.0,1.0,0.0,0.6666666666666666,0.4,-0.2666666666666666
7,tabular_q,40,52,111,-71,0.6,0.925,0.8720461753887518,0.13726622416446033,0.15740705944070912,0.0,0.8425929405592909,0.0,0.5,0.1,-0.4
7,metafly_dual_trace,40,52,40,0,0.6666666666666666,0.95,0.8923181961444224,0.09173787108890669,0.10280847290270749,0.5230712557729553,0.8971915270972926,1.0,0.5,0.1,-0.4
7,ablation_no_slow,40,107,40,0,1.0,0.95,0.8875655662047557,0.07236859454193303,0.08153605468425537,0.0,0.9184639453157446,0.0,0.5333333333333333,0.0,-0.5333333333333333
7,ablation_no_fast,40,186,40,0,0.9666666666666667,0.95,0.8586064206709089,0.1080874960529905,0.1258871276184165,0.1258871276184165,0.8741128723815835,0.0,0.4666666666666667,1.0,0.5333333333333333
8,random,,,,,0.6333333333333333,0.55,0.0,0.0,0.0,0.0,1.0,0.0,0.36666666666666664,0.4,0.03333333333333338
8,tabular_q,57,47,40,17,0.4666666666666667,0.975,0.9127899161596551,0.16806449838320286,0.18412177370483448,0.0,0.8158782262951655,0.0,0.5,1.0,0.5
8,metafly_dual_trace,40,40,54,-14,0.2,0.95,0.8217151122058622,0.10594790774777045,0.12893508489013597,0.5766396114143092,0.8710649151098641,1.0,0.4666666666666667,0.15,-0.31666666666666665
8,ablation_no_slow,74,46,40,34,0.4666666666666667,0.95,0.9010905613636416,0.07503062084155435,0.08326645961978421,0.0,0.9167335403802158,0.0,0.5,0.9,0.4
8,ablation_no_fast,40,194,40,0,0.9666666666666667,0.925,0.8749080477944114,0.1283272693065667,0.14667515018300695,0.14667515018300695,0.8533248498169931,0.0,0.5,0.95,0.44999999999999996
9,random,,,,,0.36666666666666664,0.475,0.0,0.0,0.0,0.0,1.0,0.0,0.43333333333333335,0.55,0.1166666666666667
9,tabular_q,40,46,40,0,0.43333333333333335,1.0,0.8847824161325848,0.16156859669248747,0.18260828170468116,0.0,0.8173917182953189,0.0,0.5,0.95,0.44999999999999996
9,metafly_dual_trace,40,40,40,0,0.16666666666666666,0.975,0.868384676555812,0.10893464417456451,0.12544514788840033,0.5723879919163476,0.8745548521115997,1.0,0.4666666666666667,0.1,-0.3666666666666667
9,ablation_no_slow,51,48,40,11,0.4666666666666667,0.975,0.8472184615346263,0.08801750900613219,0.10388997997836341,0.0,0.8961100200216365,0.0,0.5,1.0,0.5
9,ablation_no_fast,150,113,40,110,0.9666666666666667,0.975,0.6916745999726803,0.1732726729822455,0.2505118345954722,0.2505118345954722,0.7494881654045278,0.0,0.5,0.95,0.44999999999999996
10,random,,,,,0.4666666666666667,0.475,0.0,0.0,0.0,0.0,1.0,0.0,0.4666666666666667,0.75,0.2833333333333333
10,tabular_q,40,53,64,-24,0.6,0.975,0.8827835502662719,0.09729018313346252,0.11020842323593039,0.0,0.8897915767640696,0.0,0.5,0.0,-0.5
10,metafly_dual_trace,40,76,40,0,1.0,1.0,0.897975054606001,0.11708132943067531,0.13038372149663596,0.5532964367674869,0.8696162785033641,1.0,0.5,0.0,-0.5
10,ablation_no_slow,70,43,53,17,0.3,1.0,0.8814147525094967,0.0695353746862838,0.07889064085699496,0.0,0.9211093591430051,0.0,0.4666666666666667,0.15,-0.31666666666666665
10,ablation_no_fast,76,161,40,36,0.9,0.975,0.8416819553980182,0.1482517081700686,0.1761374438637724,0.17613744386377242,0.8238625561362276,0.0,0.5,1.0,0.5
11,random,,,,,0.5,0.5,0.0,0.0,0.0,0.0,1.0,0.0,0.5333333333333333,0.65,0.1166666666666667
11,tabular_q,41,71,40,1,1.0,0.95,0.8841512889504719,0.10881418703382155,0.1230719090654598,0.0,0.8769280909345402,0.0,0.5,0.0,-0.5
11,metafly_dual_trace,40,40,60,-20,0.16666666666666666,0.95,0.8595179144938099,0.10830996959459117,0.12601246322873613,0.5799134271692719,0.8739875367712638,1.0,0.5,0.05,-0.45
11,ablation_no_slow,58,82,40,18,1.0,0.95,0.8110079548125172,0.07477480002506333,0.09219983550266066,0.0,0.9078001644973394,0.0,0.5,1.0,0.5
11,ablation_no_fast,40,168,40,0,0.9666666666666667,0.95,0.8695031346706413,0.14663625540985567,0.1686437340624424,0.1686437340624424,0.8313562659375576,0.0,0.5,0.0,-0.5
12,random,,,,,0.4,0.525,0.0,0.0,0.0,0.0,1.0,0.0,0.36666666666666664,0.6,0.23333333333333334
12,tabular_q,40,46,71,-31,0.36666666666666664,0.95,0.9375111769920261,0.17565506241949808,0.18736316614707632,0.0,0.8126368338529237,0.0,0.5,0.05,-0.45
12,metafly_dual_trace,40,40,40,0,0.26666666666666666,0.975,0.8532659878620219,0.10349519534541002,0.1212930045468375,0.5525984230018177,0.8787069954531626,1.0,0.43333333333333335,0.15,-0.2833333333333333
12,ablation_no_slow,67,55,40,27,0.7666666666666667,0.975,0.9210235704907355,0.08715696233001345,0.09463054488776534,0.0,0.9053694551122347,0.0,0.5,0.95,0.44999999999999996
12,ablation_no_fast,40,167,40,0,0.9333333333333333,0.975,0.8870135459125829,0.1430025637309927,0.16121801565484314,0.16121801565484314,0.8387819843451568,0.0,0.4666666666666667,0.8,0.33333333333333337
13,random,,,,,0.5333333333333333,0.625,0.0,0.0,0.0,0.0,1.0,0.0,0.4,0.4,0.0
13,tabular_q,90,44,58,32,0.4,0.875,0.9224861182370706,0.1089944900383193,0.1181529866775824,0.0,0.8818470133224177,0.0,0.5,0.0,-0.5
13,metafly_dual_trace,40,57,40,0,0.7666666666666667,0.925,0.8865148287500458,0.09025331490378515,0.10180688689780755,0.5127625486238042,0.8981931131021924,1.0,0.4666666666666667,0.0,-0.4666666666666667
13,ablation_no_slow,40,45,44,-4,0.36666666666666664,0.9,0.8595232292786547,0.1067733659664098,0.12422394454192723,0.0,0.8757760554580728,0.0,0.5,0.2,-0.3
13,ablation_no_fast,40,157,41,-1,0.9,1.0,0.8743076848145407,0.16110512995146162,0.18426594292790124,0.18426594292790122,0.8157340570720988,0.0,0.5,0.95,0.44999999999999996
14,random,,,,,0.36666666666666664,0.475,0.0,0.0,0.0,0.0,1.0,0.0,0.3,0.4,0.10000000000000003
14,tabular_q,78,75,40,38,1.0,0.875,0.860313936986909,0.09220442892803699,0.10717532863755062,0.0,0.8928246713624494,0.0,0.5,0.0,-0.5
14,metafly_dual_trace,40,62,40,0,0.9666666666666667,0.95,0.8441092142367933,0.11877171638108198,0.14070657490508523,0.5585118126598694,0.8592934250949148,1.0,0.4666666666666667,0.0,-0.4666666666666667
14,ablation_no_slow,40,40,40,0,0.26666666666666666,0.975,0.9056881426958204,0.08553235060981085,0.09443907519338837,0.0,0.9055609248066117,0.0,0.5,0.85,0.35
14,ablation_no_fast,40,154,40,0,0.9333333333333333,0.875,0.8742023747078038,0.14723198936668255,0.16841865639623071,0.16841865639623071,0.8315813436037693,0.0,0.5,0.85,0.35
15,random,,,,,0.5666666666666667,0.475,0.0,0.0,0.0,0.0,1.0,0.0,0.4666666666666667,0.6,0.1333333333333333
15,tabular_q,57,46,40,17,0.4,0.95,0.899609269889623,0.09068764663795072,0.10080781698600948,0.0,0.8991921830139905,0.0,0.5,0.9,0.4
15,metafly_dual_trace,40,47,40,0,0.43333333333333335,0.925,0.8822390113608958,0.07858105998723595,0.08907003541593668,0.5214707778030555,0.9109299645840633,1.0,0.4666666666666667,0.0,-0.4666666666666667
15,ablation_no_slow,40,44,46,-6,0.3333333333333333,0.95,0.9026415761974761,0.05979499681116292,0.06624445226981349,0.0,0.9337555477301865,0.0,0.5,0.05,-0.45
15,ablation_no_fast,40,170,44,-4,1.0,0.975,0.8768519712663471,0.13425206738430362,0.15310687753876767,0.15310687753876767,0.8468931224612324,0.0,0.5,0.0,-0.5
16,random,,,,,0.6666666666666666,0.35,0.0,0.0,0.0,0.0,1.0,0.0,0.4666666666666667,0.45,-0.016666666666666663
16,tabular_q,40,47,40,0,0.4666666666666667,0.95,0.8820415711371401,0.11777572234908396,0.13352627155344376,0.0,0.8664737284465562,0.0,0.5333333333333333,0.05,-0.48333333333333334
16,metafly_dual_trace,53,77,40,13,1.0,0.975,0.8915422747451619,0.08082638347944435,0.0906590587670649,0.5066247056155359,0.9093409412329351,1.0,0.4666666666666667,0.05,-0.4166666666666667
16,ablation_no_slow,67,47,40,27,0.5,0.925,0.8637510959861822,0.034040157469425486,0.03940968367809752,0.0,0.9605903163219025,0.0,0.5,0.95,0.44999999999999996
16,ablation_no_fast,40,196,40,0,1.0,0.95,0.8661930466844313,0.13187298606911493,0.1522443369568614,0.1522443369568614,0.8477556630431387,0.0,0.5,1.0,0.5
17,random,,,,,0.5333333333333333,0.5,0.0,0.0,0.0,0.0,1.0,0.0,0.6,0.45,-0.14999999999999997
17,tabular_q,40,47,43,-3,0.5,0.925,0.8728114305539959,0.13786016575501453,0.15794954205344347,0.0,0.8420504579465565,0.0,0.5,0.1,-0.4
17,metafly_dual_trace,40,114,40,0,1.0,0.95,0.8687898555216479,0.08966406681718264,0.10320570187061588,0.527569308416898,0.8967942981293842,1.0,0.5,1.0,0.5
17,ablation_no_slow,40,41,51,-11,0.26666666666666666,0.9,0.8597329166681269,0.0680354666590778,0.07913558424952195,0.0,0.9208644157504781,0.0,0.5,0.1,-0.4
17,ablation_no_fast,40,185,40,0,0.9666666666666667,0.875,0.8729341844759065,0.1275111139257477,0.1460718530599223,0.14607185305992226,0.8539281469400777,0.0,0.5,0.05,-0.45
18,random,,,,,0.5666666666666667,0.5,0.0,0.0,0.0,0.0,1.0,0.0,0.5,0.5,0.0
18,tabular_q,61,47,40,21,0.43333333333333335,0.975,0.8744922862443888,0.1481607484578891,0.16942487748426355,0.0,0.8305751225157365,0.0,0.5,0.85,0.35
18,metafly_dual_trace,40,40,40,0,0.2,0.975,0.887997698222234,0.11533604361061649,0.12988326866332936,0.5629620217136877,0.8701167313366707,1.0,0.5,0.05,-0.45
18,ablation_no_slow,40,64,40,0,1.0,1.0,0.8701322598283392,0.04359230763334122,0.050098484616512395,0.0,0.9499015153834875,0.0,0.5,0.0,-0.5
18,ablation_no_fast,84,144,64,20,0.9666666666666667,1.0,0.8495879830113716,0.16245076623219928,0.19121123353980501,0.19121123353980501,0.8087887664601949,0.0,0.5,0.1,-0.4
19,random,,,,,0.5666666666666667,0.625,0.0,0.0,0.0,0.0,1.0,0.0,0.4,0.5,0.09999999999999998
19,tabular_q,40,51,40,0,0.6,0.975,0.8817195935172524,0.11947449095915312,0.13550168538566723,0.0,0.8644983146143328,0.0,0.5,0.9,0.4
19,metafly_dual_trace,40,71,44,-4,1.0,0.925,0.9044893491575188,0.10666359205239623,0.11792686354101062,0.5247888305740352,0.8820731364589893,1.0,0.5,0.05,-0.45
19,ablation_no_slow,40,46,40,0,0.4,0.95,0.833137558759848,0.06940279455849196,0.0833029237834389,0.0,0.9166970762165612,0.0,0.5,0.0,-0.5
19,ablation_no_fast,75,165,40,35,1.0,0.975,0.8534920841476953,0.14332063113638227,0.1679226249409255,0.16792262494092552,0.8320773750590745,0.0,0.4666666666666667,0.95,0.4833333333333333
20,random,,,,,0.5,0.475,0.0,0.0,0.0,0.0,1.0,0.0,0.6333333333333333,0.45,-0.1833333333333333
20,tabular_q,40,46,44,-4,0.43333333333333335,0.925,0.891255229506371,0.12706783536253072,0.14257176974199443,0.0,0.8574282302580056,0.0,0.5,0.05,-0.45
20,metafly_dual_trace,45,61,73,-28,0.9333333333333333,0.95,0.8715917856393187,0.11936923443600339,0.13695543762891846,0.5266909097047477,0.8630445623710815,1.0,0.4666666666666667,0.05,-0.4166666666666667
20,ablation_no_slow,44,87,40,4,1.0,1.0,0.919852656381501,0.0382500893801891,0.04158284385529372,0.0,0.9584171561447062,0.0,0.4666666666666667,1.0,0.5333333333333333
20,ablation_no_fast,40,212,40,0,1.0,0.975,0.868327612756373,0.10354107334579775,0.11924194488889103,0.11924194488889102,0.8807580551111089,0.0,0.5,0.0,-0.5
21,random,,,,,0.5,0.425,0.0,0.0,0.0,0.0,1.0,0.0,0.5,0.4,-0.09999999999999998
21,tabular_q,40,46,46,-6,0.43333333333333335,0.925,0.8980448302162518,0.09529322958954214,0.10611188482271565,0.0,0.8938881151772844,0.0,0.5,0.05,-0.45
21,metafly_dual_trace,40,42,70,-30,0.26666666666666666,0.925,0.9169181148077276,0.06834130277806451,0.07453370336389885,0.5120711363267965,0.9254662966361011,1.0,0.4666666666666667,0.15,-0.31666666666666665
21,ablation_no_slow,40,40,40,0,0.26666666666666666,0.975,0.8481957535352462,0.05902067234597744,0.06958378664356855,0.0,0.9304162133564314,0.0,0.5,0.05,-0.45
21,ablation_no_fast,61,212,40,21,0.9666666666666667,0.95,0.8586091454975596,0.11816428901235795,0.1376229098327183,0.1376229098327183,0.8623770901672817,0.0,0.5,0.85,0.35
22,random,,,,,0.43333333333333335,0.55,0.0,0.0,0.0,0.0,1.0,0.0,0.5,0.55,0.050000000000000044
22,tabular_q,46,64,40,6,1.0,0.9,0.8641615772546382,0.09572778341362015,0.1107753294444524,0.0,0.8892246705555475,0.0,0.5,0.95,0.44999999999999996
22,metafly_dual_trace,40,50,42,-2,0.5666666666666667,0.95,0.9018279714888263,0.08423537296162913,0.093405145576229,0.5042713885345174,0.906594854423771,1.0,0.43333333333333335,0.0,-0.43333333333333335
22,ablation_no_slow,40,42,50,-10,0.3333333333333333,0.975,0.8421868616560793,0.04258515870357093,0.05056497630446445,0.0,0.9494350236955356,0.0,0.5,0.0,-0.5
22,ablation_no_fast,40,156,40,0,0.9333333333333333,0.95,0.8802768439612348,0.14894455790120767,0.16920194927650148,0.16920194927650148,0.8307980507234985,0.0,0.5,0.95,0.44999999999999996
23,random,,,,,0.43333333333333335,0.5,0.0,0.0,0.0,0.0,1.0,0.0,0.6333333333333333,0.55,-0.08333333333333326
23,tabular_q,44,46,40,4,0.43333333333333335,0.9,0.8930633044635108,0.11920513801059322,0.13347893415260548,0.0,0.8665210658473945,0.0,0.5,0.95,0.44999999999999996
23,metafly_dual_trace,49,40,48,1,0.2,0.95,0.9199170112724975,0.09045193837334858,0.09832619384680011,0.5332874440086548,0.9016738061531999,1.0,0.4666666666666667,0.05,-0.4166666666666667
23,ablation_no_slow,40,47,70,-30,0.4666666666666667,1.0,0.8918253426191016,0.04298807955679481,0.04820235252627824,0.0,0.9517976474737218,0.0,0.5,0.05,-0.45
23,ablation_no_fast,41,206,40,1,0.9666666666666667,0.95,0.8740290832684461,0.11075193748021056,0.12671424738642778,0.12671424738642775,0.8732857526135722,0.0,0.43333333333333335,0.9,0.4666666666666667
24,random,,,,,0.5333333333333333,0.625,0.0,0.0,0.0,0.0,1.0,0.0,0.6,0.45,-0.14999999999999997
24,tabular_q,40,46,75,-35,0.4666666666666667,0.95,0.9333165429010937,0.1382364400713384,0.14811313602312065,0.0,0.8518868639768793,0.0,0.5,0.05,-0.45
24,metafly_dual_trace,40,52,40,0,0.6333333333333333,0.95,0.9123087065564957,0.08734495893811799,0.09574057367905768,0.5061714592368428,0.9042594263209424,1.0,0.4666666666666667,0.2,-0.26666666666666666
24,ablation_no_slow,40,43,42,-2,0.3,0.925,0.8856380535824205,0.06795695729923443,0.0767322011789663,0.0,0.9232677988210337,0.0,0.5,0.05,-0.45
24,ablation_no_fast,40,184,40,0,0.9333333333333333,0.95,0.8797163652501582,0.14373397749898756,0.16338672687771932,0.1633867268777193,0.8366132731222806,0.0,0.4666666666666667,1.0,0.5333333333333333
25,random,,,,,0.43333333333333335,0.4,0.0,0.0,0.0,0.0,1.0,0.0,0.6333333333333333,0.4,-0.23333333333333328
25,tabular_q,40,50,47,-7,0.5666666666666667,0.925,0.9145811734599018,0.11085704490405231,0.12121072259193257,0.0,0.8787892774080674,0.0,0.5333333333333333,0.05,-0.48333333333333334
25,metafly_dual_trace,40,41,40,0,0.23333333333333334,0.975,0.9064667808860817,0.10704372064949974,0.11808896134601124,0.5432727370994928,0.8819110386539888,1.0,0.4666666666666667,0.0,-0.4666666666666667
25,ablation_no_slow,78,86,48,30,1.0,1.0,0.903615094944081,0.03990924610819376,0.04416620121940691,0.0,0.955833798780593,0.0,0.5,0.1,-0.4
25,ablation_no_fast,40,207,40,0,0.9333333333333333,0.975,0.866666299522799,0.11480643494628942,0.13246901951708953,0.13246901951708953,0.8675309804829104,0.0,0.5,0.95,0.44999999999999996
26,random,,,,,0.6,0.575,0.0,0.0,0.0,0.0,1.0,0.0,0.3333333333333333,0.6,0.26666666666666666
26,tabular_q,40,47,40,0,0.43333333333333335,1.0,0.8994825886194835,0.1650083456113071,0.18344807081208783,0.0,0.8165519291879122,0.0,0.5,0.8,0.30000000000000004
26,metafly_dual_trace,40,40,44,-4,0.2,0.95,0.860871863680724,0.05679694167662934,0.06597606923031453,0.5154618023088728,0.9340239307696855,1.0,0.4666666666666667,0.0,-0.4666666666666667
26,ablation_no_slow,40,44,41,-1,0.4,0.95,0.8921368469523813,0.03792336123642293,0.042508457492785444,0.0,0.9574915425072146,0.0,0.5,0.05,-0.45
26,ablation_no_fast,45,145,71,-26,0.9333333333333333,0.925,0.8683564547940903,0.17251722521801793,0.19867097695372832,0.1986709769537283,0.8013290230462717,0.0,0.5333333333333333,0.05,-0.48333333333333334
27,random,,,,,0.5333333333333333,0.35,0.0,0.0,0.0,0.0,1.0,0.0,0.6,0.6,0.0
27,tabular_q,40,59,42,-2,0.8,0.95,0.8985225044246499,0.13200195887466254,0.14691001975424894,0.0,0.853089980245751,0.0,0.5,0.1,-0.4
27,metafly_dual_trace,40,69,40,0,1.0,0.975,0.845360065952802,0.06445427502496187,0.07624475962478273,0.5310742257033643,0.9237552403752173,1.0,0.5,0.0,-0.5
27,ablation_no_slow,40,57,40,0,0.8333333333333334,0.9,0.8906317614010832,0.08709634435692634,0.0977916442367967,0.0,0.9022083557632032,0.0,0.5,1.0,0.5
27,ablation_no_fast,,40,54,,0.0,0.95,0.07996180940981887,0.08110547267641972,1.0143026186506032,1.0143026186506032,0.0,1.0,0.16666666666666666,0.05,-0.11666666666666665
28,random,,,,,0.5333333333333333,0.45,0.0,0.0,0.0,0.0,1.0,0.0,0.5333333333333333,0.5,-0.033333333333333326
28,tabular_q,40,49,40,0,0.5,0.95,0.851134346617084,0.1127806349623011,0.13250626697249226,0.0,0.8674937330275078,0.0,0.5,1.0,0.5
28,metafly_dual_trace,40,42,53,-13,0.3333333333333333,0.95,0.8620828926047983,0.0450252079046687,0.052228397397638016,0.5133913686617803,0.9477716026023619,1.0,0.4666666666666667,0.0,-0.4666666666666667
28,ablation_no_slow,40,43,40,0,0.3333333333333333,0.9,0.9051238692114799,0.07487345138184079,0.08272177315030767,0.0,0.9172782268496923,0.0,0.5,0.0,-0.5
28,ablation_no_fast,143,130,40,103,0.9,1.0,0.7104736564484058,0.15815278129409183,0.22260189362218358,0.22260189362218358,0.7773981063778164,0.0,0.5,0.0,-0.5
29,random,,,,,0.43333333333333335,0.475,0.0,0.0,0.0,0.0,1.0,0.0,0.5,0.55,0.050000000000000044
29,tabular_q,40,53,40,0,0.6666666666666666,0.925,0.9094796524082414,0.08137971282765312,0.08947942113071478,0.0,0.9105205788692852,0.0,0.5,1.0,0.5
29,metafly_dual_trace,82,40,40,42,0.23333333333333334,0.925,0.8302505207862632,0.11871629971211348,0.1429885278478198,0.5363814747360831,0.8570114721521802,1.0,0.36666666666666664,0.05,-0.31666666666666665
29,ablation_no_slow,40,52,40,0,0.6666666666666666,0.85,0.8726788841744543,0.08315670732273961,0.09528901046048002,0.0,0.90471098953952,0.0,0.5,1.0,0.5
29,ablation_no_fast,40,167,40,0,1.0,0.975,0.8849454482996596,0.15184071116170508,0.17158200141427124,0.17158200141427124,0.8284179985857287,0.0,0.5,0.95,0.44999999999999996
30,random,,,,,0.5666666666666667,0.45,0.0,0.0,0.0,0.0,1.0,0.0,0.5666666666666667,0.55,-0.016666666666666607
30,tabular_q,40,60,40,0,0.8666666666666667,0.925,0.877566788240075,0.12338483016888604,0.14059879182110957,0.0,0.8594012081788904,0.0,0.5,0.9,0.4
30,metafly_dual_trace,40,42,40,0,0.3333333333333333,0.975,0.8692820959475958,0.10474522293604249,0.12049623870587231,0.5415634155686468,0.8795037612941277,1.0,0.4666666666666667,0.0,-0.4666666666666667
30,ablation_no_slow,44,40,40,4,0.2,0.925,0.8856763822884046,0.06838340792026348,0.07721037761397102,0.0,0.922789622386029,0.0,0.5,0.05,-0.45
30,ablation_no_fast,40,177,45,-5,1.0,0.95,0.8718238784877159,0.14242334981774582,0.1633625246245794,0.16336252462457942,0.8366374753754207,0.0,0.5,0.05,-0.45
31,random,,,,,0.5333333333333333,0.55,0.0,0.0,0.0,0.0,1.0,0.0,0.43333333333333335,0.65,0.21666666666666667
31,tabular_q,40,44,61,-21,0.3333333333333333,0.9,0.8616408746406667,0.13643685328893237,0.1583453818225965,0.0,0.8416546181774035,0.0,0.5,0.05,-0.45
31,metafly_dual_trace,50,55,40,10,0.7,0.85,0.9185389906509349,0.046117878943720915,0.05020786206477622,0.4701151970807017,0.9497921379352238,0.0,0.43333333333333335,0.0,-0.43333333333333335
31,ablation_no_slow,40,51,43,-3,0.5666666666666667,0.975,0.8027685714118411,0.06820705737358508,0.0849647828808598,0.0,0.9150352171191402,0.0,0.5,0.2,-0.3
31,ablation_no_fast,40,150,40,0,0.8333333333333334,1.0,0.8676792115294636,0.16115218555786034,0.18572783975519752,0.18572783975519752,0.8142721602448024,0.0,0.5,0.05,-0.45
32,random,,,,,0.43333333333333335,0.525,0.0,0.0,0.0,0.0,1.0,0.0,0.43333333333333335,0.45,0.016666666666666663
32,tabular_q,60,50,82,-22,0.5,1.0,0.8993021241979574,0.13727909615019832,0.15265069708651102,0.0,0.847349302913489,0.0,0.5,0.0,-0.5
32,metafly_dual_trace,40,43,45,-5,0.36666666666666664,0.95,0.8391563083425828,0.07630398804599461,0.09092941003649556,0.546653307734018,0.9090705899635044,1.0,0.4666666666666667,0.0,-0.4666666666666667
32,ablation_no_slow,40,42,40,0,0.26666666666666666,0.975,0.856131413096135,0.05546777470462499,0.06478885584168666,0.0,0.9352111441583133,0.0,0.4666666666666667,0.95,0.4833333333333333
32,ablation_no_fast,40,154,45,-5,0.9,0.975,0.869512129056657,0.16127150184877073,0.185473550580296,0.185473550580296,0.814526449419704,0.0,0.5,0.05,-0.45
33,random,,,,,0.36666666666666664,0.5,0.0,0.0,0.0,0.0,1.0,0.0,0.5333333333333333,0.3,-0.23333333333333334
33,tabular_q,41,49,68,-27,0.5333333333333333,1.0,0.8893508411110372,0.1128344334906907,0.12687280235742543,0.0,0.8731271976425745,0.0,0.5333333333333333,0.05,-0.48333333333333334
33,metafly_dual_trace,110,40,42,68,0.2,1.0,0.8606565153849287,0.08596043636274403,0.09987775009673658,0.46560901315751513,0.9001222499032634,0.0,0.36666666666666664,0.0,-0.36666666666666664
33,ablation_no_slow,40,40,40,0,0.16666666666666666,0.975,0.8983804460192742,0.08754346379691254,0.09744586960325975,0.0,0.9025541303967403,0.0,0.5,1.0,0.5
33,ablation_no_fast,40,,40,0,0.9333333333333333,0.6,0.8838159318237004,0.12078467087671624,0.13666269924268554,0.13666269924268554,0.8633373007573144,0.0,0.5,1.0,0.5
34,random,,,,,0.4,0.625,0.0,0.0,0.0,0.0,1.0,0.0,0.5666666666666667,0.5,-0.06666666666666665
34,tabular_q,40,60,40,0,0.9,0.975,0.9178589685516447,0.0895965574314339,0.09761473222058799,0.0,0.902385267779412,0.0,0.5,0.95,0.44999999999999996
34,metafly_dual_trace,40,70,40,0,1.0,0.975,0.805777518341147,0.061858627049311936,0.07676886689102497,0.5239504204840625,0.9232311331089751,1.0,0.5,0.0,-0.5
34,ablation_no_slow,40,41,62,-22,0.26666666666666666,0.925,0.8947348148394847,0.06915072750883772,0.0772862823285169,0.0,0.9227137176714831,0.0,0.5,0.05,-0.45
34,ablation_no_fast,74,123,40,34,0.9333333333333333,0.875,0.8379074455875174,0.1819318790610652,0.21712646190117052,0.2171264619011705,0.7828735380988294,0.0,0.5,0.95,0.44999999999999996
35,random,,,,,0.5333333333333333,0.375,0.0,0.0,0.0,0.0,1.0,0.0,0.43333333333333335,0.6,0.16666666666666663
35,tabular_q,40,48,61,-21,0.5,0.975,0.8989337432530149,0.12541746224202394,0.13951802697734955,0.0,0.8604819730226505,0.0,0.5,0.2,-0.3
35,metafly_dual_trace,56,45,101,-45,0.43333333333333335,0.975,0.9486494004746159,0.07805572438836911,0.0822808978209624,0.48369211921265337,0.9177191021790376,0.0,0.43333333333333335,0.05,-0.38333333333333336
35,ablation_no_slow,40,42,40,0,0.3,0.95,0.8566292018286952,0.10540948557352431,0.12305147355296862,0.0,0.8769485264470314,0.0,0.5,0.05,-0.45
35,ablation_no_fast,110,130,40,70,0.8666666666666667,0.925,0.8130516379364034,0.1828586637267361,0.2249041207159332,0.22490412071593321,0.7750958792840668,0.0,0.5,0.1,-0.4
36,random,,,,,0.6333333333333333,0.65,0.0,0.0,0.0,0.0,1.0,0.0,0.5333333333333333,0.55,0.01666666666666672
36,tabular_q,40,58,40,0,0.8333333333333334,0.975,0.8959010999353909,0.15726284939389285,0.17553594856087806,0.0,0.8244640514391219,0.0,0.5,0.9,0.4
36,metafly_dual_trace,40,46,40,0,0.4666666666666667,1.0,0.9178410367370202,0.12216423304131183,0.13309955444530241,0.5455182155715973,0.8669004455546976,1.0,0.5,0.1,-0.4
36,ablation_no_slow,40,46,40,0,0.4666666666666667,0.975,0.8765003612466944,0.03202657847660955,0.03653915034450915,0.0,0.9634608496554908,0.0,0.5,0.95,0.44999999999999996
36,ablation_no_fast,45,176,40,5,0.9333333333333333,0.95,0.8745421117717984,0.1422351008230117,0.1626395103316949,0.1626395103316949,0.8373604896683051,0.0,0.5,0.95,0.44999999999999996
37,random,,,,,0.4666666666666667,0.425,0.0,0.0,0.0,0.0,1.0,0.0,0.7666666666666667,0.45,-0.3166666666666667
37,tabular_q,40,106,40,0,1.0,0.925,0.8563048128054603,0.1089176800656669,0.1271949876222538,0.0,0.8728050123777462,0.0,0.5,0.95,0.44999999999999996
37,metafly_dual_trace,40,55,40,0,0.7666666666666667,0.95,0.9010384286272495,0.06219309791820089,0.0690238018071586,0.4890426598189859,0.9309761981928414,0.0,0.43333333333333335,0.15,-0.2833333333333333
37,ablation_no_slow,40,56,40,0,0.6666666666666666,0.975,0.8959548796633259,0.05030720407612383,0.05614926065811242,0.0,0.9438507393418876,0.0,0.5,1.0,0.5
37,ablation_no_fast,49,163,40,9,0.9666666666666667,0.95,0.8590298206105993,0.13523367656209437,0.15742605590335634,0.15742605590335634,0.8425739440966437,0.0,0.5,0.0,-0.5
38,random,,,,,0.36666666666666664,0.475,0.0,0.0,0.0,0.0,1.0,0.0,0.5666666666666667,0.6,0.033333333333333326
38,tabular_q,40,48,40,0,0.5,0.975,0.8935674201692206,0.15823564440834031,0.17708305029560523,0.0,0.8229169497043948,0.0,0.5,1.0,0.5
38,metafly_dual_trace,40,40,40,0,0.2,0.9,0.8930300939231086,0.10433834761524162,0.11683631752753153,0.570142002444694,0.8831636824724685,1.0,0.5,0.05,-0.45
38,ablation_no_slow,40,53,40,0,0.6,0.925,0.9056712416004254,0.04419587842877975,0.048799030375172935,0.0,0.951200969624827,0.0,0.5,0.95,0.44999999999999996
38,ablation_no_fast,40,150,40,0,0.9666666666666667,0.95,0.871887766846783,0.15689893082379328,0.17995312790225804,0.17995312790225804,0.820046872097742,0.0,0.5,0.85,0.35
39,random,,,,,0.4666666666666667,0.525,0.0,0.0,0.0,0.0,1.0,0.0,0.6333333333333333,0.55,-0.08333333333333326
39,tabular_q,55,58,44,11,0.8666666666666667,0.925,0.8852726546310802,0.13140746825611171,0.1484372837777003,0.0,0.8515627162222997,0.0,0.5,0.0,-0.5
39,metafly_dual_trace,40,49,43,-3,0.5333333333333333,0.9,0.8525382407269454,0.09624482630885174,0.1128920929421129,0.5377319056087105,0.8871079070578871,1.0,0.4666666666666667,0.05,-0.4166666666666667
39,ablation_no_slow,60,45,40,20,0.43333333333333335,0.95,0.8647621570054248,0.04177155071346742,0.04830409191137325,0.0,0.9516959080886267,0.0,0.4666666666666667,0.95,0.4833333333333333
39,ablation_no_fast,43,161,40,3,0.9666666666666667,0.9,0.8881029587436702,0.13460261858969627,0.15156195265930436,0.15156195265930436,0.8484380473406956,0.0,0.5,0.95,0.44999999999999996
40,random,,,,,0.5333333333333333,0.45,0.0,0.0,0.0,0.0,1.0,0.0,0.6,0.55,-0.04999999999999993
40,tabular_q,40,105,120,-80,1.0,0.95,0.9082520776697911,0.09700099282369691,0.10679963768710816,0.0,0.8932003623128918,0.0,0.5,0.0,-0.5
40,metafly_dual_trace,40,40,44,-4,0.2,1.0,0.8966423371098424,0.07495092064109142,0.08359065542530769,0.524668275143695,0.9164093445746924,1.0,0.4666666666666667,0.05,-0.4166666666666667
40,ablation_no_slow,40,58,40,0,0.7333333333333333,0.95,0.908705835174492,0.031059121497996653,0.0341795114499651,0.0,0.9658204885500349,0.0,0.5,1.0,0.5
40,ablation_no_fast,40,165,46,-6,0.9333333333333333,0.975,0.8705274037332813,0.14028093215060397,0.16114476298966035,0.16114476298966032,0.8388552370103397,0.0,0.5,0.05,-0.45
41,random,,,,,0.4,0.55,0.0,0.0,0.0,0.0,1.0,0.0,0.6333333333333333,0.75,0.1166666666666667
41,tabular_q,40,76,40,0,1.0,0.975,0.8847823690251964,0.16600933717031593,0.1876273115084964,0.0,0.8123726884915036,0.0,0.5,0.95,0.44999999999999996
41,metafly_dual_trace,48,42,40,8,0.3333333333333333,0.85,0.9123293172883705,0.14794041194306312,0.16215681019960237,0.5604041147216231,0.8378431898003976,1.0,0.43333333333333335,0.05,-0.38333333333333336
41,ablation_no_slow,40,41,42,-2,0.3,1.0,0.8600921345066213,0.045848871588801264,0.053306930443099296,0.0,0.9466930695569007,0.0,0.5333333333333333,0.05,-0.48333333333333334
41,ablation_no_fast,40,146,40,0,0.8666666666666667,0.95,0.8708903266712901,0.1501375643957459,0.17239548976229932,0.17239548976229932,0.8276045102377007,0.0,0.5,0.1,-0.4
42,random,,,,,0.5666666666666667,0.525,0.0,0.0,0.0,0.0,1.0,0.0,0.5333333333333333,0.55,0.01666666666666672
42,tabular_q,40,52,40,0,0.6,0.95,0.8820879961130769,0.09314570016588516,0.10559683452935754,0.0,0.8944031654706425,0.0,0.5333333333333333,0.1,-0.43333333333333335
42,metafly_dual_trace,76,47,40,36,0.5,0.95,0.8919722073341572,0.08737739682379464,0.0979597750976345,0.48869466442000054,0.9020402249023655,0.0,0.4,0.0,-0.4
42,ablation_no_slow,50,45,40,10,0.4,0.975,0.8457245979971977,0.031032036410725033,0.03669283887948102,0.0,0.963307161120519,0.0,0.5,0.95,0.44999999999999996
42,ablation_no_fast,40,179,45,-5,0.9666666666666667,0.9,0.8851526784501771,0.12078569745603848,0.13645747270123318,0.1364574727012332,0.8635425272987668,0.0,0.5333333333333333,0.0,-0.5333333333333333
43,random,,,,,0.6,0.325,0.0,0.0,0.0,0.0,1.0,0.0,0.5,0.55,0.050000000000000044
43,tabular_q,40,59,78,-38,0.8666666666666667,0.925,0.8545994632133124,0.12488928505557971,0.1461377995558215,0.0,0.8538622004441785,0.0,0.5,0.1,-0.4
43,metafly_dual_trace,40,78,61,-21,1.0,0.925,0.8966927209014401,0.12616001485750244,0.1406948131916076,0.5484377725575497,0.8593051868083924,1.0,0.5,0.05,-0.45
43,ablation_no_slow,44,45,40,4,0.43333333333333335,0.95,0.844817217902394,0.06274389266432613,0.0742691925954275,0.0,0.9257308074045725,0.0,0.5,0.0,-0.5
43,ablation_no_fast,41,167,41,0,0.9666666666666667,0.95,0.8707709420857254,0.1379618630380006,0.15843645713251026,0.15843645713251023,0.8415635428674897,0.0,0.5,0.05,-0.45
44,random,,,,,0.36666666666666664,0.475,0.0,0.0,0.0,0.0,1.0,0.0,0.43333333333333335,0.45,0.016666666666666663
44,tabular_q,40,74,48,-8,1.0,0.925,0.9044635642009585,0.12740584803354635,0.14086343892260833,0.0,0.8591365610773917,0.0,0.5,0.0,-0.5
44,metafly_dual_trace,89,42,40,49,0.3,0.975,0.8969464664686904,0.07675622752794478,0.08557503752719685,0.4696745639698133,0.9144249624728031,0.0,0.43333333333333335,0.05,-0.38333333333333336
44,ablation_no_slow,96,55,40,56,0.7,0.925,0.8769150542783025,0.08517378436539035,0.09712888831118086,0.0,0.9028711116888192,0.0,0.5,0.95,0.44999999999999996
44,ablation_no_fast,,40,63,,0.03333333333333333,0.975,0.03673511019581842,0.04394637988710738,1.1963045612997734,1.1963045612997731,0.0,1.0,0.03333333333333333,0.15,0.11666666666666667
45,random,,,,,0.5333333333333333,0.55,0.0,0.0,0.0,0.0,1.0,0.0,0.5,0.5,0.0
45,tabular_q,40,68,40,0,1.0,0.925,0.8964477251918564,0.0809773586451332,0.09033137836096637,0.0,0.9096686216390336,0.0,0.5,0.1,-0.4
45,metafly_dual_trace,40,52,63,-23,0.6333333333333333,1.0,0.8997230106190506,0.09075097596891013,0.10086546070047638,0.5220283003280561,0.8991345392995236,1.0,0.4666666666666667,0.0,-0.4666666666666667
45,ablation_no_slow,62,40,56,6,0.23333333333333334,0.975,0.893391833664774,0.06730701603119124,0.07533874107074807,0.0,0.9246612589292519,0.0,0.5,0.0,-0.5
45,ablation_no_fast,103,134,40,63,0.9333333333333333,0.95,0.8274978769283666,0.18297556870792803,0.221119079346916,0.22111907934691596,0.778880920653084,0.0,0.5333333333333333,0.0,-0.5333333333333333
46,random,,,,,0.5666666666666667,0.45,0.0,0.0,0.0,0.0,1.0,0.0,0.43333333333333335,0.45,0.016666666666666663
46,tabular_q,40,48,40,0,0.5,1.0,0.8764332031079656,0.1622371123275137,0.18511064134973002,0.0,0.81488935865027,0.0,0.5,0.95,0.44999999999999996
46,metafly_dual_trace,45,40,40,5,0.23333333333333334,0.975,0.8675905967296792,0.05536798312086523,0.06381809960777686,0.5100657278738959,0.9361819003922232,1.0,0.43333333333333335,0.05,-0.38333333333333336
46,ablation_no_slow,44,40,40,4,0.26666666666666666,0.975,0.8743509505384299,0.0533041682918577,0.06096427099328103,0.0,0.9390357290067189,0.0,0.5,0.95,0.44999999999999996
46,ablation_no_fast,40,193,43,-3,1.0,1.0,0.8746866909933534,0.12702454393672946,0.14522290695022672,0.14522290695022672,0.8547770930497733,0.0,0.43333333333333335,0.0,-0.43333333333333335
47,random,,,,,0.4,0.475,0.0,0.0,0.0,0.0,1.0,0.0,0.5333333333333333,0.45,-0.08333333333333331
47,tabular_q,78,52,40,38,0.6333333333333333,0.975,0.84415134782164,0.11730477698286818,0.1389617836725333,0.0,0.8610382163274667,0.0,0.5,0.95,0.44999999999999996
47,metafly_dual_trace,48,40,45,3,0.23333333333333334,0.95,0.899541484853438,0.0743514182615107,0.0826547963750941,0.5193932760979206,0.9173452036249059,1.0,0.4666666666666667,0.0,-0.4666666666666667
47,ablation_no_slow,40,43,40,0,0.3333333333333333,0.95,0.8425437844702478,0.10256863886928762,0.12173686490818753,0.0,0.8782631350918124,0.0,0.4666666666666667,0.85,0.3833333333333333
47,ablation_no_fast,40,143,40,0,0.9333333333333333,0.975,0.8503464956387972,0.17169717835027784,0.2019143716483426,0.20191437164834264,0.7980856283516574,0.0,0.5,0.05,-0.45
48,random,,,,,0.4666666666666667,0.4,0.0,0.0,0.0,0.0,1.0,0.0,0.36666666666666664,0.55,0.1833333333333334
48,tabular_q,40,53,40,0,0.6333333333333333,0.975,0.8965746459101873,0.06845249024967887,0.07634890252800654,0.0,0.9236510974719935,0.0,0.5,0.95,0.44999999999999996
48,metafly_dual_trace,40,51,40,0,0.6,1.0,0.8927091316676763,0.08268257544652287,0.09261983832523697,0.527716560888341,0.907380161674763,1.0,0.5,0.05,-0.45
48,ablation_no_slow,52,63,40,12,1.0,0.95,0.8289676990238226,0.0639559893410531,0.07715136478341256,0.0,0.9228486352165874,0.0,0.5,0.1,-0.4
48,ablation_no_fast,48,205,40,8,0.9666666666666667,0.95,0.8673010303752171,0.11809996850271319,0.1361695240366774,0.13616952403667737,0.8638304759633226,0.0,0.5,0.0,-0.5
49,random,,,,,0.36666666666666664,0.5,0.0,0.0,0.0,0.0,1.0,0.0,0.5666666666666667,0.35,-0.21666666666666667
49,tabular_q,40,49,89,-49,0.5666666666666667,0.95,0.899257082732669,0.10183696036052226,0.11324565835062356,0.0,0.8867543416493764,0.0,0.5,0.05,-0.45
49,metafly_dual_trace,40,40,48,-8,0.23333333333333334,0.95,0.8713822684435014,0.11683648006725217,0.13408177363529586,0.58931889990033,0.8659182263647042,1.0,0.5,0.05,-0.45
49,ablation_no_slow,40,40,50,-10,0.2,0.975,0.9146893775416449,0.06966436502219339,0.0761617733108764,0.0,0.9238382266891236,0.0,0.5,0.1,-0.4
49,ablation_no_fast,40,177,41,-1,0.9666666666666667,1.0,0.8636877497134665,0.12584930617418041,0.14571157946367963,0.14571157946367963,0.8542884205363204,0.0,0.5,0.15,-0.35
50,random,,,,,0.5333333333333333,0.5,0.0,0.0,0.0,0.0,1.0,0.0,0.4,0.5,0.09999999999999998
50,tabular_q,40,51,40,0,0.6333333333333333,0.85,0.8787565254497408,0.1183230414202263,0.13464826489870954,0.0,0.8653517351012905,0.0,0.5,0.85,0.35
50,metafly_dual_trace,40,40,40,0,0.16666666666666666,0.975,0.8829503516238406,0.10619325996077954,0.12027093003075283,0.562249983859912,0.8797290699692472,1.0,0.4666666666666667,0.0,-0.4666666666666667
50,ablation_no_slow,40,41,40,0,0.26666666666666666,0.95,0.8425748355055944,0.04635084800700035,0.05501095695456786,0.0,0.9449890430454322,0.0,0.4666666666666667,0.9,0.43333333333333335
50,ablation_no_fast,40,179,40,0,0.9666666666666667,0.9,0.8741841145352339,0.11810602751042953,0.13510429387431894,0.13510429387431894,0.864895706125681,0.0,0.5,0.95,0.44999999999999996
51,random,,,,,0.5666666666666667,0.45,0.0,0.0,0.0,0.0,1.0,0.0,0.5333333333333333,0.65,0.1166666666666667
51,tabular_q,40,72,40,0,1.0,0.975,0.9100929981393201,0.12026874129002578,0.13214994680314487,0.0,0.8678500531968552,0.0,0.5,0.9,0.4
51,metafly_dual_trace,60,42,51,9,0.3333333333333333,1.0,0.8496007422888443,0.09473519203046189,0.11150554291565597,0.527567934199933,0.888494457084344,1.0,0.43333333333333335,0.05,-0.38333333333333336
51,ablation_no_slow,40,40,40,0,0.26666666666666666,0.9,0.9185009961627706,0.04949881647411791,0.053890868579249816,0.0,0.9461091314207501,0.0,0.5,0.95,0.44999999999999996
51,ablation_no_fast,148,123,83,65,0.9666666666666667,0.95,0.7000113401360982,0.1740477188133288,0.2486355703601744,0.24863557036017436,0.7513644296398256,0.0,0.5,0.05,-0.45
52,random,,,,,0.5333333333333333,0.65,0.0,0.0,0.0,0.0,1.0,0.0,0.4,0.4,0.0
52,tabular_q,40,49,40,0,0.5,0.925,0.882842973877843,0.11717843878412097,0.1327285171330306,0.0,0.8672714828669694,0.0,0.5,1.0,0.5
52,metafly_dual_trace,40,94,40,0,1.0,1.0,0.8999926887807688,0.07925154000203104,0.088057982014714,0.5156804487482124,0.911942017985286,1.0,0.5,0.9,0.4
52,ablation_no_slow,46,44,40,6,0.36666666666666664,0.95,0.9250366793354194,0.0655509724233892,0.07086310617486373,0.0,0.9291368938251363,0.0,0.5,0.05,-0.45
52,ablation_no_fast,40,181,40,0,1.0,0.975,0.8724182100920571,0.13591237017035945,0.15578809405642513,0.15578809405642513,0.8442119059435749,0.0,0.5,1.0,0.5
53,random,,,,,0.6,0.475,0.0,0.0,0.0,0.0,1.0,0.0,0.5,0.55,0.050000000000000044
53,tabular_q,40,56,129,-89,0.7666666666666667,0.9,0.8738029015764344,0.10758835405257047,0.12312656991464496,0.0,0.876873430085355,0.0,0.5,0.05,-0.45
53,metafly_dual_trace,40,42,40,0,0.26666666666666666,0.95,0.8592269772888873,0.11499804966440969,0.1338389653770674,0.5570599814927737,0.8661610346229326,1.0,0.4666666666666667,0.0,-0.4666666666666667
53,ablation_no_slow,115,47,40,75,0.5,0.9,0.9248700363732845,0.1494497251364272,0.16158997400593503,0.0,0.838410025994065,0.0,0.5,0.95,0.44999999999999996
53,ablation_no_fast,56,162,40,16,1.0,0.875,0.8470887012688616,0.14948333097045574,0.1764671524322581,0.17646715243225808,0.8235328475677419,0.0,0.5,0.1,-0.4
54,random,,,,,0.5333333333333333,0.475,0.0,0.0,0.0,0.0,1.0,0.0,0.4,0.55,0.15000000000000002
54,tabular_q,54,55,40,14,0.7333333333333333,0.95,0.8788860669561005,0.08176475518992671,0.09303225783645376,0.0,0.9069677421635463,0.0,0.5,0.9,0.4
54,metafly_dual_trace,40,40,81,-41,0.23333333333333334,0.925,0.8478392705554807,0.08139909986256386,0.09600770180087723,0.5569235391185552,0.9039922981991227,1.0,0.4666666666666667,0.05,-0.4166666666666667
54,ablation_no_slow,117,42,40,77,0.3,0.925,0.8997884039397163,0.08429005562563592,0.09367764160615162,0.0,0.9063223583938483,0.0,0.5,0.95,0.44999999999999996
54,ablation_no_fast,40,142,73,-33,1.0,0.975,0.8714398961021795,0.15909440235148056,0.18256497443264424,0.18256497443264424,0.8174350255673557,0.0,0.5,0.0,-0.5
55,random,,,,,0.6,0.6,0.0,0.0,0.0,0.0,1.0,0.0,0.5,0.5,0.0
55,tabular_q,40,47,40,0,0.5,0.925,0.9224621133495625,0.11363875806017482,0.12319070497924284,0.0,0.8768092950207571,0.0,0.5,0.95,0.44999999999999996
55,metafly_dual_trace,40,47,62,-22,0.4666666666666667,0.9,0.8900354801406303,0.11697330587738987,0.131425441442972,0.5463470548384902,0.868574558557028,1.0,0.5,0.0,-0.5
55,ablation_no_slow,43,54,40,3,0.6666666666666666,0.875,0.8830519354556731,0.11696683228550749,0.13245747796832605,0.0,0.8675425220316739,0.0,0.5,1.0,0.5
55,ablation_no_fast,98,166,40,58,0.9666666666666667,0.9,0.8249950457868552,0.15034659761800329,0.18223939451006918,0.18223939451006915,0.8177606054899308,0.0,0.5,0.05,-0.45
56,random,,,,,0.4666666666666667,0.575,0.0,0.0,0.0,0.0,1.0,0.0,0.36666666666666664,0.35,-0.016666666666666663
56,tabular_q,50,46,51,-1,0.43333333333333335,0.975,0.932399468438253,0.133527296995677,0.1432082508791345,0.0,0.8567917491208655,0.0,0.5,0.1,-0.4
56,metafly_dual_trace,40,60,40,0,0.8333333333333334,0.95,0.860885072557714,0.07131182218356497,0.08283547299954397,0.5141049619700641,0.917164527000456,1.0,0.4666666666666667,0.0,-0.4666666666666667
56,ablation_no_slow,82,62,40,42,0.9666666666666667,0.975,0.8886567832100862,0.060210942668883646,0.06775500261347721,0.0,0.9322449973865228,0.0,0.5,0.05,-0.45
56,ablation_no_fast,40,194,40,0,0.9333333333333333,0.95,0.8689309485295997,0.11845494814149013,0.13632262533857145,0.13632262533857145,0.8636773746614286,0.0,0.5,0.05,-0.45
57,random,,,,,0.6,0.5,0.0,0.0,0.0,0.0,1.0,0.0,0.43333333333333335,0.55,0.1166666666666667
57,tabular_q,40,43,46,-6,0.3333333333333333,0.925,0.9159657507920886,0.14525666968398054,0.158583079725818,0.0,0.841416920274182,0.0,0.5,0.05,-0.45
57,metafly_dual_trace,40,134,40,0,1.0,0.95,0.8330559984787103,0.11404626100775156,0.136901074136694,0.5519604896390082,0.8630989258633059,1.0,0.5333333333333333,0.95,0.41666666666666663
57,ablation_no_slow,40,51,83,-43,0.6,0.975,0.9067587928789101,0.053571426255064655,0.059080128779317675,0.0,0.9409198712206823,0.0,0.5,0.0,-0.5
57,ablation_no_fast,97,137,40,57,0.9666666666666667,0.95,0.8295091377968831,0.16220950357661204,0.19554878443826296,0.19554878443826293,0.804451215561737,0.0,0.5,0.95,0.44999999999999996
58,random,,,,,0.43333333333333335,0.4,0.0,0.0,0.0,0.0,1.0,0.0,0.6,0.3,-0.3
58,tabular_q,41,54,40,1,0.6,0.975,0.920019513153135,0.14173033782469655,0.15405144760348782,0.0,0.8459485523965122,0.0,0.5,0.05,-0.45
58,metafly_dual_trace,40,50,77,-37,0.5666666666666667,0.925,0.8573416679674386,0.07605007649336074,0.08870451458828323,0.51653816610478,0.9112954854117168,1.0,0.4666666666666667,0.1,-0.3666666666666667
58,ablation_no_slow,49,42,40,9,0.3333333333333333,0.925,0.8817389150921972,0.05466356193275648,0.061995179068444206,0.0,0.9380048209315558,0.0,0.5,0.95,0.44999999999999996
58,ablation_no_fast,40,159,40,0,0.9666666666666667,0.975,0.8638619160160028,0.1519369100048525,0.17588101430094516,0.1758810143009452,0.8241189856990548,0.0,0.5,0.0,-0.5
59,random,,,,,0.4666666666666667,0.475,0.0,0.0,0.0,0.0,1.0,0.0,0.5,0.5,0.0
59,tabular_q,48,60,46,2,0.8666666666666667,0.925,0.8992299636250647,0.0799745048217778,0.08893665475667278,0.0,0.9110633452433272,0.0,0.5,0.05,-0.45
59,metafly_dual_trace,40,41,40,0,0.26666666666666666,1.0,0.8820869267287927,0.10984355742683459,0.124526907834569,0.5682733082370313,0.875473092165431,1.0,0.4666666666666667,0.0,-0.4666666666666667
59,ablation_no_slow,49,40,40,9,0.16666666666666666,0.9,0.9182164200681977,0.07586859562836083,0.08262604977454653,0.0,0.9173739502254534,0.0,0.5,0.85,0.35
59,ablation_no_fast,40,142,40,0,1.0,0.975,0.8771760818903289,0.16263059975704064,0.1854024558063291,0.18540245580632914,0.8145975441936709,0.0,0.4666666666666667,0.95,0.4833333333333333
60,random,,,,,0.26666666666666666,0.45,0.0,0.0,0.0,0.0,1.0,0.0,0.4666666666666667,0.55,0.08333333333333337
60,tabular_q,40,47,53,-13,0.4,1.0,0.8823674012481273,0.1302718670448494,0.14763902979708576,0.0,0.8523609702029142,0.0,0.5,0.1,-0.4
60,metafly_dual_trace,40,40,40,0,0.23333333333333334,1.0,0.9072010007543595,0.10883044593076216,0.11996288125814128,0.5628861257642545,0.8800371187418587,1.0,0.5,0.0,-0.5
60,ablation_no_slow,40,50,55,-15,0.4666666666666667,1.0,0.8360355230238814,0.022627939225666006,0.027065762880292873,0.0,0.9729342371197072,0.0,0.5,0.0,-0.5
60,ablation_no_fast,40,,40,0,0.9666666666666667,0.45,0.866239710700711,0.10231459749032377,0.11811349240449892,0.11811349240449893,0.8818865075955011,0.0,0.5,0.95,0.44999999999999996
61,random,,,,,0.5,0.45,0.0,0.0,0.0,0.0,1.0,0.0,0.4666666666666667,0.4,-0.06666666666666665
61,tabular_q,99,66,40,59,1.0,0.95,0.8436863224912359,0.08883851900635648,0.10529804340555647,0.0,0.8947019565944435,0.0,0.5,1.0,0.5
61,metafly_dual_trace,40,61,40,0,0.9,0.95,0.8601131721212475,0.0670960245604159,0.07800836766043338,0.522291687834737,0.9219916323395666,1.0,0.4666666666666667,0.1,-0.3666666666666667
61,ablation_no_slow,46,45,40,6,0.3333333333333333,0.925,0.8794455519566331,0.06713412081017733,0.07633687004364749,0.0,0.9236631299563525,0.0,0.5,0.0,-0.5
61,ablation_no_fast,40,184,40,0,1.0,1.0,0.8725374394396678,0.1248576361130788,0.14309716749032655,0.14309716749032655,0.8569028325096735,0.0,0.5,0.95,0.44999999999999996
62,random,,,,,0.5,0.425,0.0,0.0,0.0,0.0,1.0,0.0,0.4666666666666667,0.55,0.08333333333333337
62,tabular_q,40,70,44,-4,1.0,0.975,0.9236560550108766,0.0809624052239575,0.08765427865137974,0.0,0.9123457213486202,0.0,0.5333333333333333,0.0,-0.5333333333333333
62,metafly_dual_trace,40,65,40,0,1.0,0.925,0.8754904333552821,0.11772877853877017,0.1344718046633352,0.5316991041757902,0.8655281953366648,1.0,0.5,0.05,-0.45
62,ablation_no_slow,40,44,40,0,0.4,1.0,0.8944278637020009,0.0450951421585976,0.05041786374135374,0.0,0.9495821362586463,0.0,0.5,0.95,0.44999999999999996
62,ablation_no_fast,40,162,40,0,1.0,0.95,0.8841508398483781,0.14566778815857884,0.1647544531921264,0.1647544531921264,0.8352455468078737,0.0,0.5,1.0,0.5
63,random,,,,,0.5,0.45,0.0,0.0,0.0,0.0,1.0,0.0,0.6,0.35,-0.25
63,tabular_q,40,51,74,-34,0.6,0.875,0.9036136421433147,0.1329132150815487,0.14709075746829908,0.0,0.8529092425317009,0.0,0.5,0.0,-0.5
63,metafly_dual_trace,40,62,62,-22,0.8666666666666667,1.0,0.8944034715887709,0.08023392090163341,0.08970662955848117,0.5149832350569905,0.9102933704415188,1.0,0.4666666666666667,0.05,-0.4166666666666667
63,ablation_no_slow,43,49,40,3,0.5666666666666667,0.925,0.8848249384749798,0.05294397032917267,0.05983553133168134,0.0,0.9401644686683187,0.0,0.5,0.95,0.44999999999999996
63,ablation_no_fast,170,153,40,130,0.9666666666666667,0.95,0.5902471688921974,0.13711156546914136,0.23229516835545105,0.23229516835545105,0.767704831644549,0.0,0.4,0.15,-0.25
64,random,,,,,0.4,0.475,0.0,0.0,0.0,0.0,1.0,0.0,0.5666666666666667,0.4,-0.16666666666666663
64,tabular_q,40,52,40,0,0.6,0.95,0.8983733500168583,0.11137928264127095,0.12397883645945294,0.0,0.876021163540547,0.0,0.5,1.0,0.5
64,metafly_dual_trace,64,56,40,24,0.7666666666666667,1.0,0.8804504906209231,0.07507478312472257,0.08526860274877844,0.47697546634529486,0.9147313972512215,0.0,0.43333333333333335,0.15,-0.2833333333333333
64,ablation_no_slow,40,44,54,-14,0.3333333333333333,0.95,0.8727644426372935,0.0794577320158587,0.09104144043237566,0.0,0.9089585595676244,0.0,0.5,0.1,-0.4
64,ablation_no_fast,40,146,40,0,0.9,0.95,0.8644012828595173,0.14992154254881682,0.17343975017351068,0.17343975017351068,0.8265602498264893,0.0,0.5,0.1,-0.4
65,random,,,,,0.43333333333333335,0.575,0.0,0.0,0.0,0.0,1.0,0.0,0.6,0.7,0.09999999999999998
65,tabular_q,61,48,55,6,0.5,0.925,0.8833148219531047,0.13957163445592308,0.15800893519177578,0.0,0.8419910648082243,0.0,0.5,0.05,-0.45
65,metafly_dual_trace,45,40,41,4,0.2,0.95,0.8652819062313879,0.10780690461791927,0.12459165486015637,0.558384483514861,0.8754083451398437,1.0,0.4666666666666667,0.05,-0.4166666666666667
65,ablation_no_slow,40,45,40,0,0.43333333333333335,0.925,0.8492314481461146,0.09249453648262047,0.10891558088732757,0.0,0.8910844191126724,0.0,0.5,0.95,0.44999999999999996
65,ablation_no_fast,123,115,40,83,0.8333333333333334,0.8,0.7681640399216225,0.1889512265902566,0.24597770368102068,0.24597770368102068,0.7540222963189793,0.0,0.5,0.15,-0.35
66,random,,,,,0.5333333333333333,0.45,0.0,0.0,0.0,0.0,1.0,0.0,0.43333333333333335,0.45,0.016666666666666663
66,tabular_q,44,47,40,4,0.4666666666666667,0.975,0.8877374686642668,0.1313893001939134,0.148004680248101,0.0,0.851995319751899,0.0,0.5,0.1,-0.4
66,metafly_dual_trace,41,44,40,1,0.36666666666666664,0.975,0.887172608361425,0.08995183738635397,0.10139158551399788,0.5249207456928993,0.8986084144860021,1.0,0.4666666666666667,0.05,-0.4166666666666667
66,ablation_no_slow,40,56,47,-7,0.7333333333333333,0.95,0.9456300977612363,0.11621805124023542,0.12290011867788445,0.0,0.8770998813221156,0.0,0.5,0.05,-0.45
66,ablation_no_fast,78,142,40,38,0.9333333333333333,0.975,0.8471137687265122,0.15627618598615292,0.1844807530647116,0.1844807530647116,0.8155192469352884,0.0,0.5,0.05,-0.45
67,random,,,,,0.4,0.525,0.0,0.0,0.0,0.0,1.0,0.0,0.5,0.5,0.0
67,tabular_q,52,48,57,-5,0.5333333333333333,0.975,0.9077387890736742,0.145602095139904,0.1604008740096779,0.0,0.8395991259903222,0.0,0.5,0.0,-0.5
67,metafly_dual_trace,40,59,71,-31,0.7666666666666667,0.925,0.9001302644073093,0.06224618575725005,0.0691524196203269,0.5077919179890183,0.9308475803796731,1.0,0.5,0.05,-0.45
67,ablation_no_slow,40,70,72,-32,1.0,0.925,0.8742102372060773,0.0964818038606922,0.1103645321851208,0.0,0.8896354678148792,0.0,0.5,0.05,-0.45
67,ablation_no_fast,40,,40,0,1.0,0.6,0.8891306709734875,0.09910062964586751,0.11145789126514401,0.11145789126514401,0.888542108734856,0.0,0.5,0.85,0.35
68,random,,,,,0.5,0.425,0.0,0.0,0.0,0.0,1.0,0.0,0.5333333333333333,0.6,0.06666666666666665
68,tabular_q,40,49,40,0,0.5,0.95,0.8759647890671114,0.14327186123839247,0.1635589272840233,0.0,0.8364410727159767,0.0,0.5,0.05,-0.45
68,metafly_dual_trace,40,56,40,0,0.7333333333333333,0.95,0.8865919614201561,0.11843147685797477,0.13358058950621376,0.5410441849502524,0.8664194104937862,1.0,0.4666666666666667,0.05,-0.4166666666666667
68,ablation_no_slow,40,40,40,0,0.2,0.95,0.9160396235751553,0.0708706752474076,0.0773663861513007,0.0,0.9226336138486992,0.0,0.5,0.1,-0.4
68,ablation_no_fast,40,177,56,-16,0.9666666666666667,0.95,0.8669599790861081,0.1341115668028617,0.1546917620629193,0.1546917620629193,0.8453082379370807,0.0,0.5,0.0,-0.5
69,random,,,,,0.5666666666666667,0.575,0.0,0.0,0.0,0.0,1.0,0.0,0.6333333333333333,0.65,0.01666666666666672
69,tabular_q,40,40,53,-13,0.23333333333333334,1.0,0.9000468455334011,0.2559857288126558,0.28441378366361497,0.0,0.7155862163363851,0.0,0.5,0.05,-0.45
69,metafly_dual_trace,54,43,40,14,0.36666666666666664,0.9,0.8377805956759202,0.10334573460095012,0.12335656272579448,0.529462585208102,0.8766434372742056,1.0,0.4,0.1,-0.30000000000000004
69,ablation_no_slow,61,46,40,21,0.4666666666666667,0.975,0.8675489906021808,0.054635540863544864,0.06297689404908578,0.0,0.9370231059509142,0.0,0.4666666666666667,0.9,0.43333333333333335
69,ablation_no_fast,40,155,40,0,0.8666666666666667,0.875,0.8685209981562103,0.13782023371513044,0.15868382457961297,0.158683824579613,0.8413161754203871,0.0,0.5,0.85,0.35
70,random,,,,,0.6,0.475,0.0,0.0,0.0,0.0,1.0,0.0,0.5,0.5,0.0
70,tabular_q,40,51,40,0,0.6,0.975,0.8813817515398973,0.10608034277898104,0.1203568630660254,0.0,0.8796431369339746,0.0,0.5,0.05,-0.45
70,metafly_dual_trace,41,47,40,1,0.4666666666666667,0.925,0.8712790831478546,0.10052716658846579,0.11537883616495187,0.5154073238835523,0.8846211638350481,1.0,0.4666666666666667,0.1,-0.3666666666666667
70,ablation_no_slow,40,41,56,-16,0.3,0.925,0.88683097572597,0.09731511412135488,0.10973355327568662,0.0,0.8902664467243133,0.0,0.5,0.0,-0.5
70,ablation_no_fast,40,,41,-1,1.0,0.175,0.8656290768124484,0.09949002696065161,0.11493378587397847,0.11493378587397848,0.8850662141260215,0.0,0.5,0.0,-0.5
71,random,137,,,,0.4666666666666667,0.55,0.0,0.0,0.0,0.0,1.0,0.0,0.6333333333333333,0.65,0.01666666666666672
71,tabular_q,41,45,40,1,0.4,0.95,0.8911890918395995,0.1608839363081571,0.18052727281037428,0.0,0.8194727271896257,0.0,0.5,1.0,0.5
71,metafly_dual_trace,40,46,71,-31,0.3,0.975,0.8686978409375479,0.07065074126453506,0.0813294772187816,0.5353911222197941,0.9186705227812184,1.0,0.5,0.05,-0.45
71,ablation_no_slow,40,60,53,-13,0.9,1.0,0.9275972297105567,0.0643874064618324,0.06941310775790432,0.0,0.9305868922420957,0.0,0.5,0.05,-0.45
71,ablation_no_fast,91,133,40,51,1.0,0.975,0.8317699331277426,0.1792334634108793,0.2154844221609448,0.21548442216094477,0.7845155778390552,0.0,0.5,1.0,0.5
72,random,,,,,0.4666666666666667,0.55,0.0,0.0,0.0,0.0,1.0,0.0,0.5333333333333333,0.5,-0.033333333333333326
72,tabular_q,52,47,42,10,0.5,0.925,0.9187121992216968,0.1356273593139264,0.14762768952978472,0.0,0.8523723104702152,0.0,0.5,0.0,-0.5
72,metafly_dual_trace,42,53,40,2,0.7,0.975,0.876404848463677,0.09381253851932074,0.10704246865335415,0.536389306018597,0.8929575313466458,1.0,0.4666666666666667,0.1,-0.3666666666666667
72,ablation_no_slow,40,49,40,0,0.5333333333333333,0.9,0.8904809811439964,0.05709525605109212,0.06411732227873315,0.0,0.9358826777212669,0.0,0.5,0.05,-0.45
72,ablation_no_fast,69,161,43,26,1.0,0.975,0.8646669248533988,0.14452964858812573,0.16715066164075862,0.16715066164075862,0.8328493383592414,0.0,0.5,0.0,-0.5
73,random,,,,,0.4666666666666667,0.525,0.0,0.0,0.0,0.0,1.0,0.0,0.6333333333333333,0.65,0.01666666666666672
73,tabular_q,40,63,40,0,0.9333333333333333,0.95,0.9145929723549372,0.0811377155733251,0.08871456268071673,0.0,0.9112854373192832,0.0,0.5,0.9,0.4
73,metafly_dual_trace,40,47,44,-4,0.4666666666666667,0.925,0.8945911538375257,0.08829735926758718,0.09870135523788513,0.5266480802215021,0.9012986447621149,1.0,0.4666666666666667,0.0,-0.4666666666666667
73,ablation_no_slow,40,58,47,-7,0.8333333333333334,0.925,0.9003171209783972,0.09759282347759624,0.108398275678174,0.0,0.8916017243218259,0.0,0.5,0.05,-0.45
73,ablation_no_fast,40,163,55,-15,0.9666666666666667,0.95,0.8829075554550917,0.147708262351993,0.16729754031367108,0.16729754031367108,0.8327024596863289,0.0,0.5,0.0,-0.5
74,random,,,,,0.5666666666666667,0.625,0.0,0.0,0.0,0.0,1.0,0.0,0.5666666666666667,0.6,0.033333333333333326
74,tabular_q,40,48,40,0,0.4666666666666667,0.975,0.9119272943226199,0.15983104624513772,0.1752673126906025,0.0,0.8247326873093975,0.0,0.5,0.9,0.4
74,metafly_dual_trace,40,40,74,-34,0.23333333333333334,0.95,0.8803700965748248,0.11904051765664678,0.1352164483093949,0.570535235195315,0.8647835516906051,1.0,0.5,0.05,-0.45
74,ablation_no_slow,40,40,41,-1,0.26666666666666666,0.975,0.8565554053353825,0.0222551089296571,0.025982100855394354,0.0,0.9740178991446057,0.0,0.5,0.05,-0.45
74,ablation_no_fast,40,206,98,-58,0.9666666666666667,0.95,0.8695237290522685,0.12052045998055107,0.138605142049328,0.138605142049328,0.861394857950672,0.0,0.5,0.0,-0.5
75,random,,,,,0.4666666666666667,0.45,0.0,0.0,0.0,0.0,1.0,0.0,0.6,0.6,0.0
75,tabular_q,40,63,40,0,0.9666666666666667,0.975,0.9166231523642879,0.1186494307201115,0.12944188722930858,0.0,0.8705581127706914,0.0,0.5,0.95,0.44999999999999996
75,metafly_dual_trace,40,51,49,-9,0.6,0.85,0.8065705909358482,0.08099078260912716,0.10041375611669046,0.5549725400617977,0.8995862438833095,1.0,0.4666666666666667,0.05,-0.4166666666666667
75,ablation_no_slow,72,57,40,32,0.8,0.95,0.8549967429983717,0.0681091472746515,0.07966012482784536,0.0,0.9203398751721547,0.0,0.5,0.0,-0.5
75,ablation_no_fast,132,188,40,92,0.9666666666666667,0.975,0.770729919754512,0.12317381910613778,0.15981450304325842,0.15981450304325842,0.8401854969567416,0.0,0.5,0.05,-0.45
76,random,,,,,0.43333333333333335,0.5,0.0,0.0,0.0,0.0,1.0,0.0,0.43333333333333335,0.4,-0.033333333333333326
76,tabular_q,45,46,40,5,0.36666666666666664,0.95,0.9367680035977887,0.09587998854684397,0.10235190375696379,0.0,0.8976480962430362,0.0,0.5,0.05,-0.45
76,metafly_dual_trace,40,45,40,0,0.43333333333333335,0.925,0.8364318101819517,0.15381994666553195,0.18390016351969088,0.5889340634396851,0.8160998364803091,1.0,0.5,0.05,-0.45
76,ablation_no_slow,40,42,43,-3,0.3,0.975,0.8782575173846151,0.0736745351135414,0.08388716709529413,0.0,0.9161128329047059,0.0,0.5,0.05,-0.45
76,ablation_no_fast,40,181,40,0,0.9666666666666667,0.95,0.8739399698842488,0.13521616204371903,0.15472019441063906,0.15472019441063906,0.8452798055893609,0.0,0.5,0.95,0.44999999999999996
77,random,,,,,0.5666666666666667,0.375,0.0,0.0,0.0,0.0,1.0,0.0,0.43333333333333335,0.4,-0.033333333333333326
77,tabular_q,40,61,40,0,0.9333333333333333,0.925,0.8617484416893124,0.10240451507990223,0.11883342066642494,0.0,0.881166579333575,0.0,0.5,0.05,-0.45
77,metafly_dual_trace,40,40,90,-50,0.2,0.95,0.8988670743034208,0.1391795722015405,0.15483888127663153,0.5701157286666634,0.8451611187233685,1.0,0.5,0.0,-0.5
77,ablation_no_slow,40,41,81,-41,0.23333333333333334,0.975,0.8617102116317436,0.062275210218959015,0.07226931905684861,0.0,0.9277306809431514,0.0,0.5,0.0,-0.5
77,ablation_no_fast,40,156,40,0,0.9666666666666667,1.0,0.8851270311457801,0.15138370900359674,0.17103048904475712,0.1710304890447571,0.8289695109552428,0.0,0.5333333333333333,0.05,-0.48333333333333334
78,random,,,,,0.6,0.475,0.0,0.0,0.0,0.0,1.0,0.0,0.5,0.6,0.09999999999999998
78,tabular_q,40,52,55,-15,0.5666666666666667,0.95,0.8834095720784687,0.1337121786711392,0.15135921422782844,0.0,0.8486407857721716,0.0,0.5,0.1,-0.4
78,metafly_dual_trace,40,55,40,0,0.7333333333333333,0.95,0.881219649478967,0.1052614884943959,0.11944977458983486,0.5348088028094125,0.8805502254101651,1.0,0.4666666666666667,0.0,-0.4666666666666667
78,ablation_no_slow,40,44,40,0,0.36666666666666664,0.9,0.8792290865922019,0.0834935661108476,0.09496224292858617,0.0,0.9050377570714139,0.0,0.5,1.0,0.5
78,ablation_no_fast,40,184,40,0,0.9666666666666667,0.975,0.8670997724581121,0.132851155471764,0.1532132283867965,0.15321322838679646,0.8467867716132035,0.0,0.5,1.0,0.5
79,random,,,,,0.43333333333333335,0.45,0.0,0.0,0.0,0.0,1.0,0.0,0.5666666666666667,0.55,-0.016666666666666607
79,tabular_q,66,43,40,26,0.36666666666666664,0.975,0.8889155650377458,0.16281903627604138,0.18316591887906433,0.0,0.8168340811209357,0.0,0.5,1.0,0.5
79,metafly_dual_trace,55,43,45,10,0.3333333333333333,0.95,0.9149300974115397,0.0906506004885991,0.09907926380940123,0.5081473689179012,0.9009207361905988,1.0,0.4666666666666667,0.0,-0.4666666666666667
79,ablation_no_slow,40,54,69,-29,0.7333333333333333,1.0,0.8960264898037953,0.0670108641950169,0.0747866998995648,0.0,0.9252133001004352,0.0,0.5,0.1,-0.4
79,ablation_no_fast,40,209,40,0,0.9666666666666667,1.0,0.8632734565391996,0.11153956698828045,0.12920537072393543,0.12920537072393543,0.8707946292760645,0.0,0.5,1.0,0.5
80,random,,,,,0.5,0.475,0.0,0.0,0.0,0.0,1.0,0.0,0.5666666666666667,0.55,-0.016666666666666607
80,tabular_q,51,47,40,11,0.4666666666666667,0.975,0.8963003629487036,0.09338480132783318,0.10418918164956462,0.0,0.8958108183504354,0.0,0.5,1.0,0.5
80,metafly_dual_trace,40,49,40,0,0.5666666666666667,0.975,0.9136411673020861,0.09276614010428312,0.10153454487850475,0.5351493757640102,0.8984654551214952,1.0,0.5,0.05,-0.45
80,ablation_no_slow,40,52,40,0,0.6333333333333333,1.0,0.8519055757085836,0.01923238950574435,0.022575729111465857,0.0,0.9774242708885341,0.0,0.5,1.0,0.5
80,ablation_no_fast,40,167,40,0,0.8666666666666667,1.0,0.8671157012647016,0.1444995278163187,0.1666438834005242,0.1666438834005242,0.8333561165994758,0.0,0.5,0.1,-0.4
81,random,,,,,0.3333333333333333,0.575,0.0,0.0,0.0,0.0,1.0,0.0,0.5,0.45,-0.04999999999999999
81,tabular_q,40,54,40,0,0.6666666666666666,0.95,0.8944158710370383,0.10095777207087758,0.11287564916957613,0.0,0.8871243508304238,0.0,0.5,0.05,-0.45
81,metafly_dual_trace,42,78,40,2,1.0,0.95,0.8550993439968307,0.13680953453762476,0.15999256168080023,0.5579009666440148,0.8400074383191998,1.0,0.5,0.0,-0.5
81,ablation_no_slow,40,44,40,0,0.36666666666666664,0.975,0.9034870079237207,0.10881391742333157,0.12043772236791088,0.0,0.8795622776320892,0.0,0.5,0.15,-0.35
81,ablation_no_fast,40,163,40,0,0.9333333333333333,0.9,0.8853647995008347,0.14261622258589282,0.1610818757040028,0.1610818757040028,0.8389181242959972,0.0,0.5,1.0,0.5
82,random,,,,,0.5333333333333333,0.475,0.0,0.0,0.0,0.0,1.0,0.0,0.43333333333333335,0.55,0.1166666666666667
82,tabular_q,47,59,40,7,0.8666666666666667,0.975,0.8864544248356215,0.11916408312844866,0.1344277605140791,0.0,0.8655722394859209,0.0,0.5,1.0,0.5
82,metafly_dual_trace,40,51,40,0,0.6,0.9,0.8902506877594586,0.1149115502787943,0.12907774389705703,0.5329404970985607,0.8709222561029429,1.0,0.4666666666666667,0.0,-0.4666666666666667
82,ablation_no_slow,40,41,48,-8,0.3,0.925,0.9008746879397739,0.071975817563231,0.07989548216504314,0.0,0.9201045178349568,0.0,0.5,0.0,-0.5
82,ablation_no_fast,101,133,40,61,0.9,0.95,0.8219953194415577,0.16339702073582626,0.1987809624595356,0.1987809624595356,0.8012190375404644,0.0,0.5,0.95,0.44999999999999996
83,random,,,,,0.4666666666666667,0.5,0.0,0.0,0.0,0.0,1.0,0.0,0.43333333333333335,0.5,0.06666666666666665
83,tabular_q,40,45,40,0,0.3333333333333333,1.0,0.866560472123234,0.14022656784081328,0.1618197140901571,0.0,0.8381802859098428,0.0,0.5,0.05,-0.45
83,metafly_dual_trace,40,59,58,-18,0.8333333333333334,0.9,0.9220223257184188,0.11142127653199187,0.12084444532856072,0.5163407067575683,0.8791555546714392,1.0,0.5,0.15,-0.35
83,ablation_no_slow,40,40,40,0,0.23333333333333334,0.975,0.9009801784552471,0.07410214246477011,0.0822461406329938,0.0,0.9177538593670062,0.0,0.5,0.05,-0.45
83,ablation_no_fast,41,152,43,-2,0.9333333333333333,0.975,0.8678702102748754,0.14166672645734646,0.16323492243440085,0.16323492243440085,0.8367650775655991,0.0,0.5,0.05,-0.45
84,random,,,,,0.5666666666666667,0.475,0.0,0.0,0.0,0.0,1.0,0.0,0.5666666666666667,0.4,-0.16666666666666663
84,tabular_q,40,52,40,0,0.5333333333333333,0.95,0.8869912221136579,0.11590857815280953,0.13067612763585743,0.0,0.8693238723641425,0.0,0.5,1.0,0.5
84,metafly_dual_trace,43,85,46,-3,1.0,0.925,0.894451071447469,0.10456417182580882,0.1169031768910457,0.5328785770090824,0.8830968231089543,1.0,0.4666666666666667,0.05,-0.4166666666666667
84,ablation_no_slow,40,62,40,0,1.0,0.95,0.888704046539852,0.025925675912826195,0.02917245174450054,0.0,0.9708275482554994,0.0,0.5333333333333333,0.0,-0.5333333333333333
84,ablation_no_fast,104,163,40,64,0.9,1.0,0.8295123583138814,0.1504908478049742,0.1814208628680003,0.18142086286800033,0.8185791371319997,0.0,0.5,0.05,-0.45
85,random,,,,,0.5,0.45,0.0,0.0,0.0,0.0,1.0,0.0,0.6,0.4,-0.19999999999999996
85,tabular_q,40,52,40,0,0.6,0.95,0.9175422340998546,0.1309530302986625,0.14272152870121846,0.0,0.8572784712987815,0.0,0.5,0.15,-0.35
85,metafly_dual_trace,54,48,44,10,0.5,1.0,0.9251710171889056,0.07537253133662603,0.08146875543685143,0.47828357178690195,0.9185312445631486,0.0,0.4666666666666667,0.1,-0.3666666666666667
85,ablation_no_slow,51,44,91,-40,0.4,0.95,0.9010447143929451,0.06124316839508496,0.06796906681412133,0.0,0.9320309331858787,0.0,0.5333333333333333,0.05,-0.48333333333333334
85,ablation_no_fast,40,171,40,0,0.9,0.95,0.8547681153524141,0.13320458636655436,0.1558371024539622,0.1558371024539622,0.8441628975460378,0.0,0.5,0.1,-0.4
86,random,,,,,0.36666666666666664,0.5,0.0,0.0,0.0,0.0,1.0,0.0,0.5333333333333333,0.45,-0.08333333333333331
86,tabular_q,40,53,40,0,0.6333333333333333,0.975,0.9171768840324367,0.10799193439191244,0.11774384665814716,0.0,0.8822561533418528,0.0,0.4666666666666667,0.9,0.43333333333333335
86,metafly_dual_trace,40,65,40,0,1.0,0.975,0.8699076062762129,0.11708723617677542,0.13459732428135351,0.5616185568967872,0.8654026757186465,1.0,0.5,0.05,-0.45
86,ablation_no_slow,52,56,40,12,0.7666666666666667,0.975,0.9059670908389962,0.05667120855090277,0.0625532749742828,0.0,0.9374467250257172,0.0,0.5,1.0,0.5
86,ablation_no_fast,40,166,40,0,0.9666666666666667,0.95,0.8776163455186281,0.1506346900114597,0.17164070699075462,0.1716407069907546,0.8283592930092454,0.0,0.5,1.0,0.5
87,random,,,,,0.5666666666666667,0.6,0.0,0.0,0.0,0.0,1.0,0.0,0.5,0.5,0.0
87,tabular_q,40,59,54,-14,0.8666666666666667,0.975,0.8890698223179568,0.13281356506760655,0.14938485339805924,0.0,0.8506151466019407,0.0,0.5,0.0,-0.5
87,metafly_dual_trace,48,56,59,-11,0.7333333333333333,1.0,0.8698309994197327,0.09006371871979621,0.10354162909792596,0.5146203486331983,0.896458370902074,1.0,0.4666666666666667,0.1,-0.3666666666666667
87,ablation_no_slow,87,42,102,-15,0.3,0.975,0.9050952632716741,0.07177007410602618,0.07929560237294449,0.0,0.9207043976270555,0.0,0.5,0.05,-0.45
87,ablation_no_fast,98,145,58,40,1.0,0.9,0.8212232624785704,0.15718336562260865,0.19140150164305691,0.19140150164305694,0.8085984983569431,0.0,0.5,0.1,-0.4
88,random,,,,,0.5666666666666667,0.55,0.0,0.0,0.0,0.0,1.0,0.0,0.5666666666666667,0.45,-0.11666666666666664
88,tabular_q,40,67,40,0,1.0,0.95,0.8887133058433779,0.10034106760623264,0.11290600348445352,0.0,0.8870939965155464,0.0,0.5,0.05,-0.45
88,metafly_dual_trace,40,43,41,-1,0.3333333333333333,0.975,0.8698063922492524,0.0965153189729956,0.11096184143164828,0.5415102954022097,0.8890381585683518,1.0,0.43333333333333335,0.05,-0.38333333333333336
88,ablation_no_slow,40,40,46,-6,0.26666666666666666,0.9,0.8892836710395269,0.09023448489204242,0.10146873020457346,0.0,0.8985312697954265,0.0,0.5,0.0,-0.5
88,ablation_no_fast,41,172,40,1,0.9666666666666667,0.975,0.8562798235229404,0.13870046769228686,0.1619803058323153,0.16198030583231532,0.8380196941676847,0.0,0.5,0.0,-0.5
89,random,,,,,0.5666666666666667,0.45,0.0,0.0,0.0,0.0,1.0,0.0,0.6,0.5,-0.09999999999999998
89,tabular_q,40,63,40,0,0.9,0.95,0.8919044530137682,0.11400284027586857,0.12781956619977625,0.0,0.8721804338002237,0.0,0.5,0.95,0.44999999999999996
89,metafly_dual_trace,40,53,52,-12,0.6666666666666666,0.975,0.8650380932015034,0.0767747214325527,0.08875299485183329,0.5132332556144348,0.9112470051481667,1.0,0.4666666666666667,0.0,-0.4666666666666667
89,ablation_no_slow,40,40,40,0,0.26666666666666666,0.975,0.8537421859776935,0.05199806753909395,0.060906053833507716,0.0,0.9390939461664923,0.0,0.5,0.95,0.44999999999999996
89,ablation_no_fast,98,115,40,58,0.9,0.95,0.8248186294568793,0.1983549304506172,0.24048308727123263,0.2404830872712326,0.7595169127287673,0.0,0.5,0.9,0.4
90,random,,,,,0.5666666666666667,0.625,0.0,0.0,0.0,0.0,1.0,0.0,0.43333333333333335,0.65,0.21666666666666667
90,tabular_q,41,54,40,1,0.6666666666666666,0.9,0.8749946654559981,0.13508476978237904,0.15438353525501833,0.0,0.8456164647449816,0.0,0.5,0.05,-0.45
90,metafly_dual_trace,40,40,47,-7,0.23333333333333334,0.925,0.8802207888442375,0.14149132095186345,0.1607452615810708,0.5753426202269509,0.8392547384189292,1.0,0.4666666666666667,0.05,-0.4166666666666667
90,ablation_no_slow,50,40,40,10,0.2,0.95,0.8759268321001452,0.07388733571880284,0.08435331926257883,0.0,0.9156466807374212,0.0,0.5,0.05,-0.45
90,ablation_no_fast,40,183,54,-14,0.9333333333333333,0.975,0.888399297959583,0.1188845476191986,0.13381882211326013,0.13381882211326013,0.8661811778867399,0.0,0.43333333333333335,0.0,-0.43333333333333335
91,random,,,,,0.43333333333333335,0.45,0.0,0.0,0.0,0.0,1.0,0.0,0.5,0.35,-0.15000000000000002
91,tabular_q,132,67,57,75,1.0,1.0,0.9152320376050329,0.10795538361920101,0.11795411347454274,0.0,0.8820458865254572,0.0,0.5,0.0,-0.5
91,metafly_dual_trace,40,42,55,-15,0.3,0.9,0.8871175928769327,0.12314106173194846,0.1388103028512833,0.5636882626108907,0.8611896971487167,1.0,0.4666666666666667,0.0,-0.4666666666666667
91,ablation_no_slow,40,51,40,0,0.5333333333333333,0.95,0.9119289506591919,0.08278774810075558,0.09078311204059493,0.0,0.909216887959405,0.0,0.5,0.85,0.35
91,ablation_no_fast,40,161,40,0,0.9666666666666667,0.975,0.862363737371487,0.13756962349811072,0.15952621560529373,0.1595262156052937,0.8404737843947063,0.0,0.5,0.05,-0.45
92,random,,,,,0.43333333333333335,0.525,0.0,0.0,0.0,0.0,1.0,0.0,0.5333333333333333,0.45,-0.08333333333333331
92,tabular_q,44,58,40,4,0.6666666666666666,1.0,0.9291085509846377,0.12497687450477207,0.13451267278976803,0.0,0.8654873272102319,0.0,0.5,1.0,0.5
92,metafly_dual_trace,49,51,54,-5,0.6,0.975,0.8891440080577492,0.08184634574881167,0.09205071957645787,0.5134012898910459,0.9079492804235422,1.0,0.4666666666666667,0.0,-0.4666666666666667
92,ablation_no_slow,45,40,40,5,0.23333333333333334,0.85,0.8966199737622554,0.028381287045211475,0.03165364131486207,0.0,0.968346358685138,0.0,0.5,0.95,0.44999999999999996
92,ablation_no_fast,40,147,98,-58,1.0,1.0,0.873359712337124,0.1542406115404731,0.17660605288023062,0.17660605288023062,0.8233939471197693,0.0,0.5333333333333333,0.05,-0.48333333333333334
93,random,,,,,0.36666666666666664,0.5,0.0,0.0,0.0,0.0,1.0,0.0,0.5666666666666667,0.55,-0.016666666666666607
93,tabular_q,40,49,40,0,0.5333333333333333,0.975,0.8919113635106763,0.10754408195521684,0.12057709583596926,0.0,0.8794229041640307,0.0,0.5,0.05,-0.45
93,metafly_dual_trace,95,47,52,43,0.4666666666666667,0.9,0.8766332018263108,0.0840046194644069,0.09582641781009216,0.45093177344318525,0.9041735821899078,0.0,0.36666666666666664,0.05,-0.31666666666666665
93,ablation_no_slow,53,41,40,13,0.3,0.925,0.8989560061659235,0.13046484265225844,0.14512928525690064,0.0,0.8548707147430994,0.0,0.5,0.95,0.44999999999999996
93,ablation_no_fast,75,131,40,35,0.9333333333333333,0.95,0.853758472053805,0.1817029288873805,0.21282708732631977,0.21282708732631977,0.7871729126736802,0.0,0.5,0.05,-0.45
94,random,,,,,0.6,0.475,0.0,0.0,0.0,0.0,1.0,0.0,0.5333333333333333,0.55,0.01666666666666672
94,tabular_q,40,52,40,0,0.5,0.95,0.9230199471924243,0.07553268742938639,0.08183212904459572,0.0,0.9181678709554043,0.0,0.4666666666666667,0.9,0.43333333333333335
94,metafly_dual_trace,59,40,62,-3,0.2,0.95,0.8832751207379369,0.1347164395588297,0.1525192280365376,0.5730539579479699,0.8474807719634624,1.0,0.4666666666666667,0.0,-0.4666666666666667
94,ablation_no_slow,40,63,47,-7,1.0,0.95,0.8614176461937678,0.039221355138625624,0.045531172146203225,0.0,0.9544688278537967,0.0,0.5,0.0,-0.5
94,ablation_no_fast,,166,40,,1.0,0.95,0.28544506877685055,0.10693146365255293,0.37461310545934723,0.3746131054593472,0.6253868945406528,0.0,0.3333333333333333,0.0,-0.3333333333333333
95,random,,,,,0.5333333333333333,0.525,0.0,0.0,0.0,0.0,1.0,0.0,0.6666666666666666,0.7,0.033333333333333326
95,tabular_q,40,70,40,0,1.0,0.95,0.8780885901261988,0.11033315152848534,0.12565150346917534,0.0,0.8743484965308247,0.0,0.5,0.95,0.44999999999999996
95,metafly_dual_trace,66,40,57,9,0.2,0.95,0.962962037741202,0.1286335019993244,0.13358107272957204,0.530140446379675,0.8664189272704279,1.0,0.43333333333333335,0.0,-0.43333333333333335
95,ablation_no_slow,40,47,54,-14,0.4666666666666667,0.925,0.8573339522410194,0.09123767355597004,0.1064202267010192,0.0,0.8935797732989808,0.0,0.5,0.9,0.4
95,ablation_no_fast,63,146,40,23,0.9333333333333333,0.95,0.8678294277487065,0.15557108158842067,0.1792645842766566,0.17926458427665662,0.8207354157233434,0.0,0.5,0.05,-0.45
96,random,,,,,0.6333333333333333,0.475,0.0,0.0,0.0,0.0,1.0,0.0,0.5333333333333333,0.5,-0.033333333333333326
96,tabular_q,40,47,54,-14,0.5,0.9,0.8460071889983479,0.13840980170533956,0.1636035763114654,0.0,0.8363964236885346,0.0,0.5,0.05,-0.45
96,metafly_dual_trace,40,76,40,0,1.0,0.925,0.8757581539895226,0.10131743038618286,0.11569110709918096,0.5336918284524251,0.884308892900819,1.0,0.5,0.05,-0.45
96,ablation_no_slow,40,40,40,0,0.23333333333333334,0.975,0.8405667575880696,0.055806246464404095,0.06639121278663825,0.0,0.9336087872133617,0.0,0.5,0.9,0.4
96,ablation_no_fast,50,178,40,10,1.0,0.925,0.8504629927616786,0.13122399147076483,0.15429712120058955,0.15429712120058955,0.8457028787994104,0.0,0.4666666666666667,1.0,0.5333333333333333
97,random,,,,,0.5666666666666667,0.5,0.0,0.0,0.0,0.0,1.0,0.0,0.5333333333333333,0.7,0.16666666666666663
97,tabular_q,76,57,40,36,0.8,0.95,0.9353254624506431,0.11292461387278858,0.1207329623817951,0.0,0.8792670376182049,0.0,0.5,0.95,0.44999999999999996
97,metafly_dual_trace,41,47,43,-2,0.5,0.975,0.855286664305271,0.11451817878957665,0.13389449826462224,0.5424047803414168,0.8661055017353778,1.0,0.43333333333333335,0.05,-0.38333333333333336
97,ablation_no_slow,40,44,43,-3,0.4,0.925,0.8897102777409854,0.060141190832202505,0.0675963764124471,0.0,0.9324036235875529,0.0,0.5,0.0,-0.5
97,ablation_no_fast,41,144,40,1,0.9333333333333333,0.975,0.8534228872733132,0.14821880493746542,0.1736756854635392,0.1736756854635392,0.8263243145364608,0.0,0.5,0.0,-0.5
98,random,,,,,0.4666666666666667,0.5,0.0,0.0,0.0,0.0,1.0,0.0,0.5666666666666667,0.6,0.033333333333333326
98,tabular_q,46,42,40,6,0.3,1.0,0.8563138376880635,0.12798800741166705,0.14946390187646402,0.0,0.8505360981235359,0.0,0.4666666666666667,0.95,0.4833333333333333
98,metafly_dual_trace,45,64,40,5,0.9666666666666667,0.925,0.8980976367637601,0.08510979063009859,0.0947667460041277,0.4985226382393901,0.9052332539958723,0.0,0.4666666666666667,0.2,-0.26666666666666666
98,ablation_no_slow,40,41,87,-47,0.3,1.0,0.8902958996525733,0.05191914486010049,0.05831672916876432,0.0,0.9416832708312357,0.0,0.5,0.95,0.44999999999999996
98,ablation_no_fast,45,157,40,5,1.0,0.925,0.8599324933278691,0.14462071003291208,0.16817681754673747,0.16817681754673744,0.8318231824532625,0.0,0.5,0.0,-0.5
99,random,,,,,0.4666666666666667,0.45,0.0,0.0,0.0,0.0,1.0,0.0,0.5666666666666667,0.6,0.033333333333333326
99,tabular_q,40,46,40,0,0.4,0.975,0.8926159339697699,0.18059482187945464,0.20232085828480273,0.0,0.7976791417151973,0.0,0.5,0.05,-0.45
99,metafly_dual_trace,40,40,48,-8,0.26666666666666666,0.875,0.8949034683597534,0.11958760899801554,0.1336318532960932,0.5642364094332741,0.8663681467039068,1.0,0.4666666666666667,0.0,-0.4666666666666667
99,ablation_no_slow,57,52,40,17,0.6666666666666666,0.9,0.8495837650294994,0.05141622452910298,0.060519311509345634,0.0,0.9394806884906544,0.0,0.5,1.0,0.5
99,ablation_no_fast,40,154,57,-17,1.0,1.0,0.8774439929281245,0.1487108489449876,0.1694818702316527,0.1694818702316527,0.8305181297683473,0.0,0.5333333333333333,0.1,-0.43333333333333335
100,random,,,,,0.3,0.35,0.0,0.0,0.0,0.0,1.0,0.0,0.5333333333333333,0.65,0.1166666666666667
100,tabular_q,40,42,40,0,0.26666666666666666,0.975,0.9215275607718713,0.14790835574606273,0.1605034532251805,0.0,0.8394965467748194,0.0,0.5,1.0,0.5
100,metafly_dual_trace,40,51,40,0,0.6333333333333333,0.875,0.8732020068937829,0.09661603048263483,0.11064568074725839,0.5369128788673493,0.8893543192527416,1.0,0.5,0.0,-0.5
100,ablation_no_slow,45,50,40,5,0.5666666666666667,0.975,0.8812564818180159,0.07783260860490016,0.08832004099911177,0.0,0.9116799590008883,0.0,0.5,0.95,0.44999999999999996
100,ablation_no_fast,40,151,82,-42,1.0,1.0,0.8819220174348265,0.1533926633893628,0.17392996246484846,0.1739299624648485,0.8260700375351515,0.0,0.5,0.0,-0.5
101,random,,,,,0.5666666666666667,0.4,0.0,0.0,0.0,0.0,1.0,0.0,0.4666666666666667,0.55,0.08333333333333337
101,tabular_q,58,62,40,18,0.8666666666666667,1.0,0.880358924354271,0.1278118318153741,0.14518150299790736,0.0,0.8548184970020927,0.0,0.5,1.0,0.5
101,metafly_dual_trace,40,52,40,0,0.6333333333333333,0.975,0.8488198617019472,0.10032535717235445,0.1181939321862646,0.5465686319952715,0.8818060678137354,1.0,0.5,0.05,-0.45
101,ablation_no_slow,53,66,40,13,1.0,0.975,0.8273721133712636,0.08400135933343632,0.10152790742627157,0.0,0.8984720925737284,0.0,0.5,1.0,0.5
101,ablation_no_fast,40,153,69,-29,0.9,0.95,0.878498113101969,0.15826792962029096,0.1801573927819245,0.18015739278192447,0.8198426072180756,0.0,0.5333333333333333,0.15,-0.3833333333333333
102,random,,,,,0.4666666666666667,0.525,0.0,0.0,0.0,0.0,1.0,0.0,0.4,0.6,0.19999999999999996
102,tabular_q,40,53,40,0,0.6666666666666666,0.975,0.9108469074183957,0.13183952322171352,0.14474388851512376,0.0,0.8552561114848762,0.0,0.5,0.05,-0.45
102,metafly_dual_trace,40,40,97,-57,0.2,0.95,0.8693911492097803,0.09942296416224096,0.11435930104948724,0.5448555623919601,0.8856406989505128,1.0,0.4666666666666667,0.05,-0.4166666666666667
102,ablation_no_slow,40,41,40,0,0.26666666666666666,0.975,0.8615825885125473,0.042300868253604046,0.04909670740518686,0.0,0.9509032925948131,0.0,0.4666666666666667,0.9,0.43333333333333335
102,ablation_no_fast,40,171,51,-11,0.9666666666666667,1.0,0.8844445926396501,0.1286606131725819,0.14547051815715287,0.14547051815715284,0.8545294818428472,0.0,0.5,0.05,-0.45
103,random,,,,,0.5666666666666667,0.5,0.0,0.0,0.0,0.0,1.0,0.0,0.36666666666666664,0.4,0.03333333333333338
103,tabular_q,40,46,58,-18,0.43333333333333335,0.95,0.8943950635239897,0.1283165973699003,0.14346747047587943,0.0,0.8565325295241206,0.0,0.5,0.05,-0.45
103,metafly_dual_trace,67,45,40,27,0.36666666666666664,0.975,0.9173992485258388,0.08054062963232744,0.08779234315021242,0.4780434495423256,0.9122076568497876,0.0,0.4,0.1,-0.30000000000000004
103,ablation_no_slow,53,45,40,13,0.43333333333333335,0.975,0.8883822235662165,0.044841315227816925,0.05047525044773099,0.0,0.949524749552269,0.0,0.5,0.95,0.44999999999999996
103,ablation_no_fast,40,144,62,-22,0.9333333333333333,0.975,0.8748987997412315,0.17610282868266341,0.20128365558936562,0.20128365558936562,0.7987163444106344,0.0,0.5,0.05,-0.45
104,random,,,,,0.3333333333333333,0.55,0.0,0.0,0.0,0.0,1.0,0.0,0.43333333333333335,0.5,0.06666666666666665
104,tabular_q,40,63,45,-5,1.0,0.925,0.8881029172882983,0.10955086227014758,0.12335379170315787,0.0,0.8766462082968421,0.0,0.5,0.1,-0.4
104,metafly_dual_trace,40,53,41,-1,0.7,0.975,0.8344583911587958,0.1346437172877361,0.1613546208107022,0.5865293768746669,0.8386453791892978,1.0,0.5,0.0,-0.5
104,ablation_no_slow,63,40,40,23,0.13333333333333333,0.9,0.8773041285649976,0.05863282523083189,0.06683295258935727,0.0,0.9331670474106427,0.0,0.5,0.0,-0.5
104,ablation_no_fast,44,177,40,4,0.9,0.9,0.8773455995444852,0.12871116317743722,0.14670520174064086,0.14670520174064086,0.8532947982593592,0.0,0.5,1.0,0.5
105,random,,,,,0.6666666666666666,0.5,0.0,0.0,0.0,0.0,1.0,0.0,0.4666666666666667,0.55,0.08333333333333337
105,tabular_q,40,60,40,0,0.9333333333333333,1.0,0.8589132845295987,0.0909243705947685,0.10585977913307637,0.0,0.8941402208669236,0.0,0.5,1.0,0.5
105,metafly_dual_trace,40,44,40,0,0.36666666666666664,1.0,0.8574865215668513,0.08074699711926583,0.09416707445350864,0.5350552236732483,0.9058329255464914,1.0,0.5,0.0,-0.5
105,ablation_no_slow,54,51,40,14,0.6,0.95,0.9142967224222863,0.04044803815675705,0.04423950908365535,0.0,0.9557604909163446,0.0,0.4666666666666667,1.0,0.5333333333333333
105,ablation_no_fast,40,160,42,-2,0.9666666666666667,0.925,0.8693772197336029,0.13719908902495542,0.15781307113958698,0.15781307113958695,0.842186928860413,0.0,0.5,0.1,-0.4
106,random,,,,,0.5,0.525,0.0,0.0,0.0,0.0,1.0,0.0,0.4666666666666667,0.35,-0.1166666666666667
106,tabular_q,40,50,40,0,0.5333333333333333,0.85,0.8754514776643075,0.1242267241767857,0.14190018218739076,0.0,0.8580998178126092,0.0,0.5,0.9,0.4
106,metafly_dual_trace,40,40,44,-4,0.13333333333333333,1.0,0.8562118072804012,0.1039123527393136,0.12136290559852474,0.5891511004232504,0.8786370944014753,1.0,0.5,0.0,-0.5
106,ablation_no_slow,53,60,40,13,0.9333333333333333,0.925,0.7725574740335919,0.08837538681876556,0.11439328436931655,0.0,0.8856067156306835,0.0,0.4666666666666667,0.95,0.4833333333333333
106,ablation_no_fast,130,195,40,90,0.9666666666666667,1.0,0.7559220212794497,0.12520756102338657,0.16563555168225447,0.1656355516822545,0.8343644483177455,0.0,0.5,1.0,0.5
107,random,,,,,0.43333333333333335,0.425,0.0,0.0,0.0,0.0,1.0,0.0,0.5,0.5,0.0
107,tabular_q,40,45,51,-11,0.43333333333333335,1.0,0.8960500035950342,0.17133552061199228,0.19121200817429673,0.0,0.8087879918257033,0.0,0.5,0.1,-0.4
107,metafly_dual_trace,40,40,40,0,0.16666666666666666,0.925,0.881582949832575,0.0944000427823631,0.10708015938862132,0.5521144749613659,0.8929198406113786,1.0,0.5,0.05,-0.45
107,ablation_no_slow,40,40,45,-5,0.26666666666666666,0.95,0.911873187984742,0.08003832038304944,0.08777352096505406,0.0,0.9122264790349459,0.0,0.5,0.0,-0.5
107,ablation_no_fast,,40,106,,0.06666666666666667,1.0,0.05801266769222499,0.060292862095945816,1.0393051120458372,1.0393051120458372,0.0,1.0,0.06666666666666667,0.0,-0.06666666666666667
108,random,,,,,0.5333333333333333,0.475,0.0,0.0,0.0,0.0,1.0,0.0,0.5333333333333333,0.7,0.16666666666666663
108,tabular_q,54,44,61,-7,0.36666666666666664,1.0,0.87399580045388,0.1333577564098962,0.15258397848209496,0.0,0.8474160215179051,0.0,0.5,0.05,-0.45
108,metafly_dual_trace,73,46,53,20,0.4666666666666667,0.95,0.8829013349860517,0.0736866552402748,0.0834596713362529,0.4775554907656843,0.9165403286637471,0.0,0.4,0.05,-0.35000000000000003
108,ablation_no_slow,40,44,40,0,0.36666666666666664,0.925,0.8444885260956013,0.07852201953488158,0.09298174825171325,0.0,0.9070182517482868,0.0,0.5,0.95,0.44999999999999996
108,ablation_no_fast,40,174,43,-3,1.0,0.925,0.8746523507504748,0.14049927921736813,0.1606344270347139,0.1606344270347139,0.8393655729652861,0.0,0.5,0.1,-0.4
109,random,,,,,0.5333333333333333,0.6,0.0,0.0,0.0,0.0,1.0,0.0,0.6,0.35,-0.25
109,tabular_q,63,79,104,-41,1.0,0.925,0.934161443751007,0.0955579897590978,0.10229280002758066,0.0,0.8977071999724193,0.0,0.5,0.05,-0.45
109,metafly_dual_trace,40,43,40,0,0.3333333333333333,0.95,0.9113523689854589,0.10232220116134554,0.11227512501586326,0.5268690986628719,0.8877248749841368,1.0,0.4666666666666667,0.05,-0.4166666666666667
109,ablation_no_slow,40,68,40,0,1.0,1.0,0.8524272157615786,0.03364696717555094,0.03947195321009307,0.0,0.9605280467899069,0.0,0.5,0.95,0.44999999999999996
109,ablation_no_fast,40,128,40,0,0.9,0.95,0.8775013126921785,0.16915397584125927,0.19276777526667627,0.19276777526667624,0.8072322247333237,0.0,0.5,0.05,-0.45
110,random,,,,,0.4666666666666667,0.5,0.0,0.0,0.0,0.0,1.0,0.0,0.5,0.4,-0.09999999999999998
110,tabular_q,75,51,55,20,0.6333333333333333,0.9,0.9169845796725534,0.13520728554999936,0.1474477200023152,0.0,0.8525522799976848,0.0,0.5,0.05,-0.45
110,metafly_dual_trace,40,42,40,0,0.3333333333333333,1.0,0.8437882110157753,0.07382456605333651,0.08749181973574208,0.5434690530837719,0.912508180264258,1.0,0.4666666666666667,0.05,-0.4166666666666667
110,ablation_no_slow,40,42,40,0,0.26666666666666666,0.975,0.8530161086265747,0.09301348692306423,0.1090407156235578,0.0,0.8909592843764422,0.0,0.5,1.0,0.5
110,ablation_no_fast,157,110,40,117,0.8,0.925,0.6469326820282205,0.1940596671175221,0.2999688723548779,0.2999688723548779,0.7000311276451221,0.0,0.5,0.0,-0.5
111,random,,,,,0.4,0.625,0.0,0.0,0.0,0.0,1.0,0.0,0.6333333333333333,0.55,-0.08333333333333326
111,tabular_q,40,59,40,0,0.8333333333333334,1.0,0.8895891452434335,0.12145056373620308,0.1365243319183807,0.0,0.8634756680816194,0.0,0.5,0.95,0.44999999999999996
111,metafly_dual_trace,41,58,40,1,0.8333333333333334,1.0,0.8728851637524171,0.06394169500013493,0.0732532727733143,0.5066296867318704,0.9267467272266857,1.0,0.4666666666666667,0.15,-0.31666666666666665
111,ablation_no_slow,50,50,40,10,0.5333333333333333,0.975,0.8841988881870533,0.07598228956286401,0.08593348236238664,0.0,0.9140665176376134,0.0,0.5,0.95,0.44999999999999996
111,ablation_no_fast,40,147,40,0,0.9333333333333333,0.975,0.8741413978526578,0.15839568645555047,0.1812014473226551,0.1812014473226551,0.8187985526773449,0.0,0.5333333333333333,0.0,-0.5333333333333333
112,random,,,,,0.4666666666666667,0.4,0.0,0.0,0.0,0.0,1.0,0.0,0.5333333333333333,0.45,-0.08333333333333331
112,tabular_q,93,49,40,53,0.5333333333333333,0.95,0.8749808093626524,0.123522651387624,0.14117184064596747,0.0,0.8588281593540326,0.0,0.5,0.8,0.30000000000000004
112,metafly_dual_trace,62,47,69,-7,0.4666666666666667,0.95,0.8879235996035983,0.09388620932704263,0.10573681042936225,0.521481081096349,0.8942631895706378,1.0,0.4666666666666667,0.05,-0.4166666666666667
112,ablation_no_slow,47,40,40,7,0.23333333333333334,0.95,0.8911420571578245,0.10377214363120668,0.11644848629653247,0.0,0.8835515137034675,0.0,0.5,0.05,-0.45
112,ablation_no_fast,40,201,40,0,1.0,0.85,0.8826373256857162,0.12064507458508669,0.13668702996596951,0.13668702996596954,0.8633129700340305,0.0,0.5,0.95,0.44999999999999996
113,random,,,,,0.36666666666666664,0.625,0.0,0.0,0.0,0.0,1.0,0.0,0.5,0.5,0.0
113,tabular_q,40,48,64,-24,0.5,1.0,0.9298723822683639,0.09951609702742122,0.10702124175863584,0.0,0.8929787582413642,0.0,0.5,0.0,-0.5
113,metafly_dual_trace,40,44,45,-5,0.36666666666666664,0.975,0.8728993859170189,0.127687731336962,0.14628001049951533,0.5856168405098566,0.8537199895004847,1.0,0.5,0.05,-0.45
113,ablation_no_slow,40,42,40,0,0.3,0.975,0.9043604969090173,0.07385729143714363,0.08166797608871455,0.0,0.9183320239112854,0.0,0.5,1.0,0.5
113,ablation_no_fast,40,172,40,0,0.9666666666666667,0.95,0.8808138640342732,0.13629716967745326,0.15474003673510506,0.15474003673510506,0.8452599632648949,0.0,0.5,0.1,-0.4
114,random,,,,,0.5,0.55,0.0,0.0,0.0,0.0,1.0,0.0,0.5333333333333333,0.5,-0.033333333333333326
114,tabular_q,40,49,55,-15,0.4,0.925,0.9133097258467202,0.1364894289839649,0.14944484343186748,0.0,0.8505551565681325,0.0,0.5,0.0,-0.5
114,metafly_dual_trace,49,56,40,9,0.7666666666666667,1.0,0.9136627308906007,0.07650326062626411,0.0837324956351146,0.48925315591311935,0.9162675043648854,0.0,0.4666666666666667,0.0,-0.4666666666666667
114,ablation_no_slow,60,42,40,20,0.3333333333333333,0.95,0.8549731717096427,0.08189033009764321,0.09578116928966511,0.0,0.9042188307103349,0.0,0.5,0.9,0.4
114,ablation_no_fast,40,171,40,0,1.0,0.9,0.8784282286007165,0.1238408368665273,0.1409800286857793,0.1409800286857793,0.8590199713142207,0.0,0.36666666666666664,0.0,-0.36666666666666664
115,random,,,,,0.5666666666666667,0.55,0.0,0.0,0.0,0.0,1.0,0.0,0.5,0.3,-0.2
115,tabular_q,40,61,40,0,0.9666666666666667,0.9,0.8846079644368562,0.08967941306696847,0.10137757817278825,0.0,0.8986224218272117,0.0,0.5,0.95,0.44999999999999996
115,metafly_dual_trace,40,40,53,-13,0.13333333333333333,0.9,0.9295157364086029,0.10634619702239789,0.11441032449142906,0.5809417939718896,0.8855896755085709,1.0,0.5,0.2,-0.3
115,ablation_no_slow,40,42,40,0,0.26666666666666666,0.925,0.8435498246984456,0.05211004987264952,0.06177471483830603,0.0,0.938225285161694,0.0,0.5,1.0,0.5
115,ablation_no_fast,40,173,40,0,0.9666666666666667,0.925,0.87928181899592,0.12224110837197731,0.13902380980829143,0.13902380980829143,0.8609761901917086,0.0,0.5,0.95,0.44999999999999996
116,random,,,,,0.5666666666666667,0.6,0.0,0.0,0.0,0.0,1.0,0.0,0.5333333333333333,0.35,-0.18333333333333335
116,tabular_q,40,49,44,-4,0.5333333333333333,0.975,0.9088034275742021,0.12651726819023462,0.13921301829586766,0.0,0.8607869817041324,0.0,0.5,0.1,-0.4
116,metafly_dual_trace,43,41,68,-25,0.3,0.975,0.8627030403237135,0.08511674889555032,0.09866285954389568,0.5353678127693611,0.9013371404561044,1.0,0.4666666666666667,0.15,-0.31666666666666665
116,ablation_no_slow,40,40,40,0,0.23333333333333334,1.0,0.8796480351843544,0.05452014579988405,0.061979500458337125,0.0,0.9380204995416629,0.0,0.5,1.0,0.5
116,ablation_no_fast,177,125,40,137,0.9333333333333333,0.95,0.5145782607040043,0.14800594187031377,0.2876257183267401,0.2876257183267401,0.7123742816732599,0.0,0.5,1.0,0.5
117,random,,,,,0.43333333333333335,0.675,0.0,0.0,0.0,0.0,1.0,0.0,0.43333333333333335,0.5,0.06666666666666665
117,tabular_q,40,47,44,-4,0.5,0.95,0.8917498563428152,0.13727861700742983,0.15394296509385233,0.0,0.8460570349061477,0.0,0.5,0.1,-0.4
117,metafly_dual_trace,40,40,48,-8,0.26666666666666666,0.925,0.869738544193357,0.08246313590860861,0.09481370747468645,0.5469320074582281,0.9051862925253136,1.0,0.5,0.05,-0.45
117,ablation_no_slow,40,46,40,0,0.4,0.975,0.8496682583525341,0.043603845903734985,0.05131867111086478,0.0,0.9486813288891353,0.0,0.4666666666666667,0.95,0.4833333333333333
117,ablation_no_fast,40,212,40,0,0.9333333333333333,0.975,0.8624614251812464,0.11981830503137654,0.13892598733467612,0.13892598733467612,0.8610740126653239,0.0,0.5,0.05,-0.45
118,random,,,,,0.5,0.625,0.0,0.0,0.0,0.0,1.0,0.0,0.5333333333333333,0.4,-0.1333333333333333
118,tabular_q,40,50,40,0,0.5666666666666667,0.95,0.9091981828281084,0.15594470184261466,0.17151893260228537,0.0,0.8284810673977147,0.0,0.5,0.95,0.44999999999999996
118,metafly_dual_trace,40,64,64,-24,1.0,0.925,0.8355466864863176,0.11868098267562743,0.14203991781082945,0.5583012429711401,0.8579600821891705,1.0,0.5,0.15,-0.35
118,ablation_no_slow,40,41,54,-14,0.3,0.95,0.8840067149867126,0.09886716253862277,0.11183983205388755,0.0,0.8881601679461124,0.0,0.5,0.05,-0.45
118,ablation_no_fast,40,162,67,-27,0.9,0.95,0.8785401517581809,0.1564397711750472,0.17806786731599197,0.17806786731599197,0.821932132684008,0.0,0.5,0.05,-0.45
119,random,,,,,0.5333333333333333,0.6,0.0,0.0,0.0,0.0,1.0,0.0,0.43333333333333335,0.6,0.16666666666666663
119,tabular_q,49,63,40,9,1.0,0.925,0.9364526234626047,0.12223522747512801,0.13053007104956785,0.0,0.8694699289504322,0.0,0.5,1.0,0.5
119,metafly_dual_trace,40,49,78,-38,0.5333333333333333,0.9,0.8550616634904793,0.09045764797620626,0.10579078894374203,0.5237070985909514,0.894209211056258,1.0,0.43333333333333335,0.05,-0.38333333333333336
119,ablation_no_slow,46,47,40,6,0.4666666666666667,1.0,0.8462246704617118,0.05285058639000811,0.06245455637823948,0.0,0.9375454436217605,0.0,0.5,0.95,0.44999999999999996
119,ablation_no_fast,123,160,40,83,0.9666666666666667,0.85,0.7807448333659356,0.14086799369029726,0.18042769887184426,0.18042769887184426,0.8195723011281557,0.0,0.43333333333333335,0.95,0.5166666666666666
120,random,,,,,0.43333333333333335,0.45,0.0,0.0,0.0,0.0,1.0,0.0,0.36666666666666664,0.5,0.13333333333333336
120,tabular_q,40,48,40,0,0.4666666666666667,0.925,0.894495702515389,0.137468301444267,0.15368246159002869,0.0,0.8463175384099713,0.0,0.5333333333333333,0.0,-0.5333333333333333
120,metafly_dual_trace,40,40,44,-4,0.16666666666666666,0.95,0.9002477750199174,0.1556132640968755,0.1728560385427586,0.6127154502152871,0.8271439614572413,1.0,0.5,0.1,-0.4
120,ablation_no_slow,62,46,40,22,0.4,0.825,0.8672179700706852,0.07969098524491046,0.09189268211129781,0.0,0.9081073178887022,0.0,0.5,1.0,0.5
120,ablation_no_fast,64,144,122,-58,0.9666666666666667,1.0,0.8483636034079173,0.16287530880473455,0.1919876196367414,0.1919876196367414,0.8080123803632586,0.0,0.5,0.0,-0.5
121,random,,,,,0.5333333333333333,0.475,0.0,0.0,0.0,0.0,1.0,0.0,0.4666666666666667,0.7,0.23333333333333328
121,tabular_q,40,44,40,0,0.36666666666666664,0.975,0.8865610446110067,0.1718705271010414,0.19386203369273056,0.0,0.8061379663072694,0.0,0.5,0.05,-0.45
121,metafly_dual_trace,40,40,42,-2,0.2,0.975,0.8702436628583013,0.06071243753003945,0.06976487174940225,0.524254072932581,0.9302351282505977,1.0,0.43333333333333335,0.0,-0.43333333333333335
121,ablation_no_slow,40,43,40,0,0.36666666666666664,0.925,0.8937022172790803,0.05848096087145892,0.06543674138966225,0.0,0.9345632586103377,0.0,0.4666666666666667,0.95,0.4833333333333333
121,ablation_no_fast,40,147,40,0,0.8666666666666667,0.925,0.8579374859631831,0.1565013038052519,0.18241574283183598,0.18241574283183598,0.817584257168164,0.0,0.5,1.0,0.5
122,random,,,,,0.5,0.7,0.0,0.0,0.0,0.0,1.0,0.0,0.4,0.5,0.09999999999999998
122,tabular_q,66,78,41,25,1.0,0.95,0.8606530581714068,0.0950178922929057,0.11040208524302024,0.0,0.8895979147569798,0.0,0.5,0.0,-0.5
122,metafly_dual_trace,96,50,62,34,0.6,0.975,0.9018433547747311,0.11187974402282068,0.1240567371600435,0.49673719903989944,0.8759432628399565,0.0,0.4,0.15,-0.25
122,ablation_no_slow,55,54,53,2,0.7333333333333333,0.85,0.9026245235300457,0.10377300156707384,0.11496807239540899,0.0,0.885031927604591,0.0,0.5333333333333333,0.1,-0.43333333333333335
122,ablation_no_fast,40,180,40,0,0.9666666666666667,0.95,0.8739292871663435,0.1316856865746717,0.15068231321283854,0.15068231321283854,0.8493176867871615,0.0,0.5,0.05,-0.45
123,random,,,,,0.5,0.5,0.0,0.0,0.0,0.0,1.0,0.0,0.7333333333333333,0.35,-0.3833333333333333
123,tabular_q,40,43,40,0,0.3333333333333333,1.0,0.8618085348855536,0.1577717136704819,0.18307049336826728,0.0,0.8169295066317327,0.0,0.5,0.95,0.44999999999999996
123,metafly_dual_trace,40,44,40,0,0.36666666666666664,0.95,0.9059436742796297,0.10600134003011538,0.11700654581467597,0.5355450828946229,0.882993454185324,1.0,0.5333333333333333,0.05,-0.48333333333333334
123,ablation_no_slow,40,49,75,-35,0.5333333333333333,0.95,0.8639231729019629,0.06529503442399193,0.07557967707320838,0.0,0.9244203229267917,0.0,0.5,0.0,-0.5
123,ablation_no_fast,,40,62,,0.06666666666666667,0.9,0.09521432845744028,0.09119472216253861,0.9577835987500727,0.9577835987500728,0.042216401249927316,1.0,0.3333333333333333,0.05,-0.2833333333333333
124,random,,,,,0.5666666666666667,0.5,0.0,0.0,0.0,0.0,1.0,0.0,0.5666666666666667,0.35,-0.21666666666666667
124,tabular_q,40,78,40,0,1.0,1.0,0.8913199199283166,0.12580236040307322,0.14114164576641655,0.0,0.8588583542335835,0.0,0.5,1.0,0.5
124,metafly_dual_trace,40,80,40,0,1.0,0.9,0.8887648438975777,0.11078129744328517,0.12464635409909591,0.552182943614669,0.8753536459009041,1.0,0.5,0.9,0.4
124,ablation_no_slow,40,40,40,0,0.23333333333333334,0.975,0.91629697799644,0.04776473451124963,0.052128006157666495,0.0,0.9478719938423334,0.0,0.5,0.95,0.44999999999999996
124,ablation_no_fast,40,180,40,0,0.9333333333333333,0.95,0.8762158138197672,0.1387687500516806,0.15837279796028034,0.15837279796028034,0.8416272020397196,0.0,0.4666666666666667,0.95,0.4833333333333333
125,random,,,,,0.5666666666666667,0.525,0.0,0.0,0.0,0.0,1.0,0.0,0.5666666666666667,0.45,-0.11666666666666664
125,tabular_q,40,49,40,0,0.5,0.925,0.8730861437367679,0.09663753438099731,0.11068499377093902,0.0,0.889315006229061,0.0,0.5,0.15,-0.35
125,metafly_dual_trace,40,47,84,-44,0.5,0.95,0.9128626937463982,0.06594019098707185,0.07223451176041887,0.4900502913469299,0.9277654882395812,0.0,0.5,0.1,-0.4
125,ablation_no_slow,40,46,58,-18,0.43333333333333335,0.975,0.8227362659926335,0.026250942832895863,0.03190687455745497,0.0,0.968093125442545,0.0,0.5,0.0,-0.5
125,ablation_no_fast,50,151,40,10,0.9,1.0,0.8473640281884912,0.1593473677962164,0.1880506635818278,0.18805066358182776,0.8119493364181722,0.0,0.5,0.05,-0.45
126,random,,,,,0.6,0.525,0.0,0.0,0.0,0.0,1.0,0.0,0.6,0.6,0.0
126,tabular_q,50,67,40,10,0.9666666666666667,0.95,0.8677421662822841,0.0849493714383361,0.09789701911374137,0.0,0.9021029808862586,0.0,0.5,0.95,0.44999999999999996
126,metafly_dual_trace,42,64,40,2,1.0,0.95,0.8921804744566668,0.11452884350474846,0.1283695920093924,0.537544427546858,0.8716304079906076,1.0,0.5,0.05,-0.45
126,ablation_no_slow,40,75,40,0,1.0,0.875,0.8955276545372701,0.08012503335048633,0.08947242772964717,0.0,0.9105275722703529,0.0,0.5,0.9,0.4
126,ablation_no_fast,40,130,40,0,0.8666666666666667,1.0,0.8777904547968776,0.1955119879072291,0.22273195936320697,0.22273195936320694,0.777268040636793,0.0,0.5,0.05,-0.45
127,random,,,,,0.43333333333333335,0.475,0.0,0.0,0.0,0.0,1.0,0.0,0.5333333333333333,0.7,0.16666666666666663
127,tabular_q,40,41,41,-1,0.26666666666666666,0.925,0.9131455164996721,0.09369940243718997,0.10261168756143546,0.0,0.8973883124385645,0.0,0.5,0.0,-0.5
127,metafly_dual_trace,49,117,40,9,1.0,0.85,0.8941592538060751,0.09790937908836131,0.10949881541973713,0.5236144726522587,0.8905011845802628,1.0,0.5,0.95,0.44999999999999996
127,ablation_no_slow,40,68,40,0,1.0,0.925,0.8938675968836669,0.0738687856596349,0.08263951609518809,0.0,0.917360483904812,0.0,0.5,1.0,0.5
127,ablation_no_fast,40,180,43,-3,1.0,0.95,0.8710292931849589,0.12984242265531495,0.1490678025081569,0.1490678025081569,0.8509321974918431,0.0,0.5,0.05,-0.45
128,random,,,,,0.4666666666666667,0.45,0.0,0.0,0.0,0.0,1.0,0.0,0.6,0.5,-0.09999999999999998
128,tabular_q,56,46,40,16,0.4666666666666667,0.95,0.8889149403621305,0.15146432901023038,0.17039237629252368,0.0,0.8296076237074763,0.0,0.4666666666666667,0.95,0.4833333333333333
128,metafly_dual_trace,40,40,40,0,0.26666666666666666,0.975,0.845377537361357,0.07908658149173793,0.09355178958100507,0.5367129371232368,0.9064482104189949,1.0,0.5,0.05,-0.45
128,ablation_no_slow,40,122,40,0,1.0,0.95,0.888959276248594,0.05341646916411772,0.06008876963355969,0.0,0.9399112303664403,0.0,0.5,0.9,0.4
128,ablation_no_fast,40,141,40,0,0.8666666666666667,0.925,0.875989218248874,0.1699102703029785,0.1939638830745357,0.19396388307453566,0.8060361169254643,0.0,0.5,0.85,0.35
129,random,,,,,0.5333333333333333,0.575,0.0,0.0,0.0,0.0,1.0,0.0,0.43333333333333335,0.7,0.2666666666666666
129,tabular_q,49,46,40,9,0.4666666666666667,0.975,0.8771051731444748,0.10199698348232426,0.11628820192299054,0.0,0.8837117980770095,0.0,0.5,0.05,-0.45
129,metafly_dual_trace,71,44,47,24,0.36666666666666664,0.975,0.912928154886467,0.09844555355241644,0.10783494081706711,0.500512330604725,0.8921650591829329,1.0,0.4,0.0,-0.4
129,ablation_no_slow,40,46,40,0,0.4666666666666667,1.0,0.9052029387427103,0.04482525880888532,0.04951956836457664,0.0,0.9504804316354234,0.0,0.5,0.95,0.44999999999999996
129,ablation_no_fast,157,127,40,117,0.9333333333333333,0.925,0.6630741767167967,0.16158158708214054,0.24368553738920992,0.24368553738920992,0.75631446261079,0.0,0.5,0.0,-0.5
130,random,,,,,0.5333333333333333,0.65,0.0,0.0,0.0,0.0,1.0,0.0,0.6,0.7,0.09999999999999998
130,tabular_q,52,54,40,12,0.6666666666666666,0.95,0.9105969462241769,0.103164030193754,0.11329274781946874,0.0,0.8867072521805313,0.0,0.5,0.05,-0.45
130,metafly_dual_trace,53,40,40,13,0.2,0.825,0.8610862194902666,0.07879164018219996,0.09150261425486741,0.5441025203719587,0.9084973857451326,1.0,0.4666666666666667,0.1,-0.3666666666666667
130,ablation_no_slow,41,41,47,-6,0.26666666666666666,0.925,0.8783273290742345,0.05923448738612977,0.06744010510132195,0.0,0.9325598948986781,0.0,0.5,0.0,-0.5
130,ablation_no_fast,40,187,40,0,1.0,0.95,0.8851708873520373,0.12090016306279407,0.13658398032549776,0.13658398032549776,0.8634160196745022,0.0,0.4666666666666667,1.0,0.5333333333333333
131,random,,,,,0.4,0.525,0.0,0.0,0.0,0.0,1.0,0.0,0.4666666666666667,0.45,-0.016666666666666663
131,tabular_q,40,49,52,-12,0.5333333333333333,1.0,0.9089386143424134,0.13405652553436515,0.14748688571378446,0.0,0.8525131142862156,0.0,0.5,0.15,-0.35
131,metafly_dual_trace,40,41,40,0,0.26666666666666666,0.925,0.8485708411128283,0.07660963846575199,0.09028078123128173,0.5264700929848246,0.9097192187687183,1.0,0.4666666666666667,0.0,-0.4666666666666667
131,ablation_no_slow,40,47,60,-20,0.5,0.925,0.8941345535436525,0.09201923901864201,0.10291430820333412,0.0,0.8970856917966659,0.0,0.5333333333333333,0.0,-0.5333333333333333
131,ablation_no_fast,40,188,53,-13,1.0,0.975,0.8554473877292181,0.13259660263415807,0.15500263901224276,0.15500263901224276,0.8449973609877572,0.0,0.5,0.1,-0.4
132,random,,,,,0.6,0.375,0.0,0.0,0.0,0.0,1.0,0.0,0.6,0.55,-0.04999999999999993
132,tabular_q,58,54,75,-17,0.6333333333333333,0.975,0.8850416550590325,0.09877435565395316,0.11160418844620922,0.0,0.8883958115537908,0.0,0.5,0.05,-0.45
132,metafly_dual_trace,40,128,40,0,1.0,0.925,0.8321448130646187,0.06486731031881285,0.07795194934871953,0.5207575926388862,0.9220480506512805,1.0,0.5666666666666667,0.85,0.2833333333333333
132,ablation_no_slow,40,41,40,0,0.3,1.0,0.8440639655820253,0.09354581987243554,0.1108278799793697,0.0,0.8891721200206303,0.0,0.4666666666666667,0.95,0.4833333333333333
132,ablation_no_fast,40,163,40,0,0.9,0.95,0.8609824128472837,0.14453159322972386,0.16786822944705151,0.16786822944705151,0.8321317705529485,0.0,0.5,0.95,0.44999999999999996
133,random,,,,,0.6333333333333333,0.425,0.0,0.0,0.0,0.0,1.0,0.0,0.5666666666666667,0.5,-0.06666666666666665
133,tabular_q,103,60,40,63,0.8666666666666667,0.9,0.9156103960634164,0.06631010767511522,0.07242175051769781,0.0,0.9275782494823022,0.0,0.5,0.05,-0.45
133,metafly_dual_trace,40,40,40,0,0.23333333333333334,0.95,0.9074045396509063,0.08143740158320159,0.08974762415728262,0.5267434146450923,0.9102523758427173,1.0,0.4666666666666667,0.0,-0.4666666666666667
133,ablation_no_slow,40,40,40,0,0.23333333333333334,1.0,0.8263760078429213,0.04883475880730241,0.05909508304188932,0.0,0.9409049169581107,0.0,0.5,0.8,0.30000000000000004
133,ablation_no_fast,40,196,48,-8,1.0,0.925,0.860362726341032,0.11059430087098165,0.1285438077278398,0.1285438077278398,0.8714561922721602,0.0,0.5333333333333333,0.0,-0.5333333333333333
134,random,,,,,0.5,0.35,0.0,0.0,0.0,0.0,1.0,0.0,0.4666666666666667,0.5,0.033333333333333326
134,tabular_q,40,77,40,0,1.0,0.925,0.8799462182889244,0.08738363467215862,0.09930565397744207,0.0,0.9006943460225579,0.0,0.5,0.95,0.44999999999999996
134,metafly_dual_trace,40,133,40,0,1.0,0.925,0.8785436781210747,0.11934806651961136,0.13584761861226852,0.5424459834834221,0.8641523813877314,1.0,0.5666666666666667,0.9,0.33333333333333337
134,ablation_no_slow,48,46,40,8,0.36666666666666664,0.975,0.8804730606180224,0.059475503968043346,0.06754948746108853,0.0,0.9324505125389114,0.0,0.5,0.85,0.35
134,ablation_no_fast,40,159,40,0,1.0,0.975,0.8744244217851718,0.1464364459678498,0.16746609806356283,0.16746609806356286,0.8325339019364372,0.0,0.5,0.95,0.44999999999999996
135,random,,,,,0.43333333333333335,0.3,0.0,0.0,0.0,0.0,1.0,0.0,0.7333333333333333,0.45,-0.28333333333333327
135,tabular_q,40,49,40,0,0.5333333333333333,0.95,0.8691579064890438,0.09940618332928344,0.11437068291863546,0.0,0.8856293170813645,0.0,0.5333333333333333,0.0,-0.5333333333333333
135,metafly_dual_trace,52,40,45,7,0.23333333333333334,0.975,0.8721662711558933,0.11909732434466304,0.13655346266351462,0.543089467812485,0.8634465373364854,1.0,0.43333333333333335,0.0,-0.43333333333333335
135,ablation_no_slow,40,40,40,0,0.2,0.975,0.8522119528016467,0.06837359021807515,0.08023073367288147,0.0,0.9197692663271185,0.0,0.5,0.0,-0.5
135,ablation_no_fast,46,132,40,6,0.8333333333333334,0.925,0.8602445062263904,0.1861579925559156,0.216401257094369,0.216401257094369,0.783598742905631,0.0,0.5,1.0,0.5
136,random,,,,,0.36666666666666664,0.575,0.0,0.0,0.0,0.0,1.0,0.0,0.5,0.65,0.15000000000000002
136,tabular_q,40,49,40,0,0.5333333333333333,0.95,0.9231129959840961,0.11026516618204256,0.1194492620748915,0.0,0.8805507379251085,0.0,0.5,0.95,0.44999999999999996
136,metafly_dual_trace,40,40,40,0,0.16666666666666666,0.975,0.8556079061478427,0.06773003367007396,0.07916013069001576,0.5511976275475569,0.9208398693099842,1.0,0.5,0.2,-0.3
136,ablation_no_slow,40,46,41,-1,0.4,0.925,0.8248583674169284,0.10169636791623031,0.12328949057605597,0.0,0.876710509423944,0.0,0.5333333333333333,0.0,-0.5333333333333333
136,ablation_no_fast,40,,40,0,0.9666666666666667,0.775,0.8801113973098897,0.09905004955797209,0.11254262796814604,0.11254262796814604,0.8874573720318539,0.0,0.5,0.1,-0.4
137,random,,,,,0.5333333333333333,0.55,0.0,0.0,0.0,0.0,1.0,0.0,0.43333333333333335,0.55,0.1166666666666667
137,tabular_q,54,47,70,-16,0.4666666666666667,0.875,0.8607212930597454,0.09877616820882429,0.11475975905939151,0.0,0.8852402409406085,0.0,0.5,0.15,-0.35
137,metafly_dual_trace,43,40,42,1,0.2,0.975,0.8744016645122845,0.09700036545866007,0.11093341812514049,0.544267641426292,0.8890665818748595,1.0,0.4666666666666667,0.1,-0.3666666666666667
137,ablation_no_slow,40,103,41,-1,1.0,0.925,0.8671086018455111,0.06928316505630808,0.07990136980402364,0.0,0.9200986301959764,0.0,0.5,0.0,-0.5
137,ablation_no_fast,40,163,40,0,1.0,0.975,0.8822801881177953,0.15922045012165037,0.1804647234132299,0.1804647234132299,0.8195352765867701,0.0,0.5333333333333333,1.0,0.4666666666666667
138,random,,,,,0.6333333333333333,0.525,0.0,0.0,0.0,0.0,1.0,0.0,0.7,0.6,-0.09999999999999998
138,tabular_q,50,57,40,10,0.8,0.9,0.9082256956455631,0.09117456776703974,0.10038756688361831,0.0,0.8996124331163817,0.0,0.5,0.95,0.44999999999999996
138,metafly_dual_trace,59,40,40,19,0.26666666666666666,0.975,0.9391570568838297,0.15315496444100987,0.16307705225490798,0.5455291772100234,0.836922947745092,1.0,0.43333333333333335,0.05,-0.38333333333333336
138,ablation_no_slow,40,53,40,0,0.6333333333333333,0.975,0.8840346143191589,0.04657582693153511,0.052685524047500765,0.0,0.9473144759524992,0.0,0.5,0.95,0.44999999999999996
138,ablation_no_fast,62,142,40,22,0.9333333333333333,0.975,0.8518726366470207,0.1614951833778138,0.18957667664201594,0.18957667664201594,0.8104233233579841,0.0,0.5,1.0,0.5
139,random,,,,,0.5666666666666667,0.525,0.0,0.0,0.0,0.0,1.0,0.0,0.36666666666666664,0.4,0.03333333333333338
139,tabular_q,49,65,40,9,1.0,0.975,0.899541150372126,0.10659715791141394,0.11850170263730167,0.0,0.8814982973626984,0.0,0.4666666666666667,0.8,0.33333333333333337
139,metafly_dual_trace,40,40,40,0,0.2,0.975,0.8741012817553109,0.08983547362042757,0.1027746732507085,0.5364020768857608,0.8972253267492915,1.0,0.4666666666666667,0.0,-0.4666666666666667
139,ablation_no_slow,40,44,40,0,0.4,0.9,0.8895733779159395,0.08582884923016447,0.09648315851272574,0.0,0.9035168414872743,0.0,0.5,0.85,0.35
139,ablation_no_fast,,40,40,,0.06666666666666667,0.9,0.0829806040773431,0.08413859334077205,1.0139549389439202,1.0139549389439202,0.0,1.0,0.16666666666666666,0.2,0.033333333333333354
140,random,,,,,0.6666666666666666,0.5,0.0,0.0,0.0,0.0,1.0,0.0,0.36666666666666664,0.6,0.23333333333333334
140,tabular_q,40,65,66,-26,1.0,0.95,0.9020744192100905,0.09795311629044234,0.1085865137116025,0.0,0.8914134862883976,0.0,0.5,0.05,-0.45
140,metafly_dual_trace,40,40,40,0,0.16666666666666666,0.975,0.829479611001201,0.12872681498185895,0.15518984827907067,0.6166972279915064,0.8448101517209293,1.0,0.5,0.0,-0.5
140,ablation_no_slow,40,58,40,0,0.8,0.925,0.8591355519078917,0.04703429782761856,0.054746073216466226,0.0,0.9452539267835338,0.0,0.4666666666666667,1.0,0.5333333333333333
140,ablation_no_fast,97,126,40,57,0.8666666666666667,0.85,0.8175633363415179,0.1564803211909837,0.19139840821533333,0.19139840821533333,0.8086015917846667,0.0,0.5,1.0,0.5
141,random,,,,,0.4666666666666667,0.575,0.0,0.0,0.0,0.0,1.0,0.0,0.43333333333333335,0.55,0.1166666666666667
141,tabular_q,49,63,40,9,0.9666666666666667,0.95,0.9391563539041511,0.09645771319781392,0.10270676740548172,0.0,0.8972932325945183,0.0,0.5,1.0,0.5
141,metafly_dual_trace,77,62,40,37,0.8333333333333334,0.975,0.815976730386513,0.11753527263109853,0.14404243191521438,0.5328489333707143,0.8559575680847856,1.0,0.43333333333333335,0.1,-0.33333333333333337
141,ablation_no_slow,40,47,65,-25,0.5,0.925,0.8544410585593171,0.07110274303391856,0.0832155036578014,0.0,0.9167844963421986,0.0,0.5333333333333333,0.05,-0.48333333333333334
141,ablation_no_fast,40,201,40,0,1.0,0.95,0.8584594684440927,0.11645261198191467,0.1356530113098737,0.1356530113098737,0.8643469886901263,0.0,0.5,0.9,0.4
142,random,,,,,0.5666666666666667,0.65,0.0,0.0,0.0,0.0,1.0,0.0,0.43333333333333335,0.5,0.06666666666666665
142,tabular_q,88,56,40,48,0.7333333333333333,1.0,0.8983831110010816,0.11090156553315382,0.12344573731976613,0.0,0.8765542626802338,0.0,0.5,1.0,0.5
142,metafly_dual_trace,61,43,59,2,0.36666666666666664,0.9,0.911468128294108,0.09868931727241907,0.1082751159463192,0.5034651628294065,0.8917248840536808,1.0,0.43333333333333335,0.05,-0.38333333333333336
142,ablation_no_slow,40,50,79,-39,0.5666666666666667,1.0,0.8790984840108557,0.03609368588621086,0.04105761361518302,0.0,0.958942386384817,0.0,0.5,0.05,-0.45
142,ablation_no_fast,65,164,40,25,0.9666666666666667,0.925,0.8382077846442245,0.1369763908828653,0.163415794260375,0.163415794260375,0.836584205739625,0.0,0.5,0.05,-0.45
143,random,,,,,0.5666666666666667,0.5,0.0,0.0,0.0,0.0,1.0,0.0,0.43333333333333335,0.55,0.1166666666666667
143,tabular_q,40,50,40,0,0.5666666666666667,0.975,0.9166527231491429,0.12180505541722417,0.13288026352964427,0.0,0.8671197364703558,0.0,0.5,0.95,0.44999999999999996
143,metafly_dual_trace,51,44,61,-10,0.3333333333333333,0.95,0.8312308279401892,0.07565426201666167,0.0910147452111886,0.5151911850660676,0.9089852547888114,1.0,0.43333333333333335,0.0,-0.43333333333333335
143,ablation_no_slow,41,85,40,1,1.0,0.975,0.9052222290635895,0.032553961520479846,0.035962397381862146,0.0,0.9640376026181379,0.0,0.5,0.9,0.4
143,ablation_no_fast,,71,47,,0.9333333333333333,0.95,0.21368008525311089,0.13835936323368375,0.6475070574302358,0.6475070574302357,0.35249294256976416,1.0,0.5,0.05,-0.45
144,random,,,,,0.36666666666666664,0.45,0.0,0.0,0.0,0.0,1.0,0.0,0.5333333333333333,0.45,-0.08333333333333331
144,tabular_q,65,69,47,18,1.0,0.975,0.8530282020860996,0.10467004221549496,0.122704081716785,0.0,0.877295918283215,0.0,0.5,0.0,-0.5
144,metafly_dual_trace,40,58,40,0,0.8333333333333334,0.95,0.8663707750444503,0.08747816692176842,0.10097081923992675,0.5325236489933841,0.8990291807600732,1.0,0.4666666666666667,0.0,-0.4666666666666667
144,ablation_no_slow,40,41,40,0,0.26666666666666666,0.975,0.8955805815993508,0.0834629773751121,0.09319426871232711,0.0,0.906805731287673,0.0,0.5,0.95,0.44999999999999996
144,ablation_no_fast,,40,40,,0.03333333333333333,0.975,0.09324987700561715,0.0984028793208087,1.055260151333831,1.055260151333831,0.0,1.0,0.3,0.85,0.55
145,random,,,,,0.4,0.475,0.0,0.0,0.0,0.0,1.0,0.0,0.3333333333333333,0.5,0.16666666666666669
145,tabular_q,40,48,40,0,0.5,0.925,0.9074408585506822,0.11353448180360959,0.12511502070222075,0.0,0.8748849792977793,0.0,0.5,0.95,0.44999999999999996
145,metafly_dual_trace,83,40,47,36,0.23333333333333334,0.975,0.8198762083681284,0.07140219661787013,0.08708899695966077,0.49636899413185176,0.9129110030403392,0.0,0.4,0.0,-0.4
145,ablation_no_slow,68,61,40,28,0.9333333333333333,1.0,0.8619897269217274,0.03337598243601484,0.03871969861544015,0.0,0.9612803013845599,0.0,0.5,0.95,0.44999999999999996
145,ablation_no_fast,40,148,57,-17,0.9666666666666667,0.875,0.8717371070825726,0.14575449895750142,0.16720006269469873,0.1672000626946987,0.8327999373053012,0.0,0.4666666666666667,0.1,-0.3666666666666667
146,random,,,,,0.5,0.525,0.0,0.0,0.0,0.0,1.0,0.0,0.4,0.45,0.04999999999999999
146,tabular_q,40,50,89,-49,0.5333333333333333,0.95,0.8923283266802268,0.09547366131192422,0.1069938703695753,0.0,0.8930061296304247,0.0,0.5,0.05,-0.45
146,metafly_dual_trace,54,49,40,14,0.5333333333333333,0.925,0.8273244260139601,0.10315610291983267,0.12468639831757129,0.5348561771587914,0.8753136016824287,1.0,0.43333333333333335,0.0,-0.43333333333333335
146,ablation_no_slow,40,56,137,-97,0.7,0.975,0.8917287571783367,0.059676018462281086,0.06692171580415511,0.0,0.9330782841958449,0.0,0.5,0.05,-0.45
146,ablation_no_fast,40,186,43,-3,0.9666666666666667,0.95,0.8648885079279292,0.12841372953258792,0.1484743158863762,0.1484743158863762,0.8515256841136238,0.0,0.5,0.05,-0.45
147,random,,,,,0.6,0.5,0.0,0.0,0.0,0.0,1.0,0.0,0.6,0.45,-0.14999999999999997
147,tabular_q,40,56,42,-2,0.7333333333333333,0.95,0.8771454773496344,0.08199844396267866,0.09348328878174639,0.0,0.9065167112182536,0.0,0.4666666666666667,0.95,0.4833333333333333
147,metafly_dual_trace,40,46,40,0,0.43333333333333335,0.95,0.8996527446861369,0.10541708064238445,0.11717530043123633,0.5333299097681169,0.8828246995687636,1.0,0.4666666666666667,0.0,-0.4666666666666667
147,ablation_no_slow,40,41,40,0,0.3,0.85,0.8410561613809996,0.12595022389951807,0.1497524537394863,0.0,0.8502475462605137,0.0,0.4666666666666667,0.9,0.43333333333333335
147,ablation_no_fast,40,142,48,-8,0.9333333333333333,0.925,0.8741755882790844,0.1598103306966614,0.18281262121636968,0.1828126212163697,0.8171873787836303,0.0,0.5,0.05,-0.45
148,random,,,,,0.5666666666666667,0.575,0.0,0.0,0.0,0.0,1.0,0.0,0.5,0.45,-0.04999999999999999
148,tabular_q,40,45,40,0,0.4,1.0,0.9038401820765893,0.17397592652304034,0.19248527557529857,0.0,0.8075147244247014,0.0,0.5,0.05,-0.45
148,metafly_dual_trace,40,42,40,0,0.3,0.95,0.9210460818378546,0.07207207744158448,0.0782502405284347,0.513698069001188,0.9217497594715653,1.0,0.4666666666666667,0.1,-0.3666666666666667
148,ablation_no_slow,47,40,44,3,0.23333333333333334,0.975,0.8483117704773975,0.09442641227818638,0.1113109773604188,0.0,0.8886890226395812,0.0,0.5,0.05,-0.45
148,ablation_no_fast,40,,40,0,1.0,0.775,0.8686264815789496,0.11293001673339301,0.13000987090344515,0.13000987090344515,0.8699901290965548,0.0,0.5,0.95,0.44999999999999996
149,random,,,,,0.5333333333333333,0.375,0.0,0.0,0.0,0.0,1.0,0.0,0.43333333333333335,0.75,0.31666666666666665
149,tabular_q,47,47,46,1,0.4666666666666667,0.975,0.8787372926080306,0.15442879050928343,0.17573942952955784,0.0,0.8242605704704422,0.0,0.5333333333333333,0.0,-0.5333333333333333
149,metafly_dual_trace,55,42,40,15,0.3333333333333333,0.95,0.8713963532979041,0.10968538115340984,0.12587312391002367,0.5390315979914772,0.8741268760899763,1.0,0.43333333333333335,0.05,-0.38333333333333336
149,ablation_no_slow,40,64,40,0,1.0,0.95,0.8878558320534299,0.06156876375346534,0.06934545173969214,0.0,0.9306545482603079,0.0,0.5,0.05,-0.45
149,ablation_no_fast,40,145,40,0,0.9666666666666667,0.95,0.8762232628414838,0.17092836617813392,0.1950739879055874,0.1950739879055874,0.8049260120944126,0.0,0.5,0.95,0.44999999999999996
150,random,,,,,0.4666666666666667,0.475,0.0,0.0,0.0,0.0,1.0,0.0,0.6333333333333333,0.5,-0.1333333333333333
150,tabular_q,40,48,40,0,0.36666666666666664,0.95,0.8998354216576524,0.11929203031620657,0.13257094291359417,0.0,0.8674290570864058,0.0,0.5,0.95,0.44999999999999996
150,metafly_dual_trace,40,40,76,-36,0.2,0.95,0.9071822550784181,0.0596649299018583,0.06576950724934626,0.5369919480400279,0.9342304927506537,1.0,0.4666666666666667,0.05,-0.4166666666666667
150,ablation_no_slow,74,52,49,25,0.6,0.925,0.8771071494776955,0.09001266548029971,0.10262448041143084,0.0,0.8973755195885692,0.0,0.5,0.0,-0.5
150,ablation_no_fast,40,160,40,0,0.9333333333333333,0.95,0.8799855484310755,0.14123615612180201,0.1604982676972499,0.1604982676972499,0.83950173230275,0.0,0.5,0.9,0.4
151,random,,,,,0.4666666666666667,0.475,0.0,0.0,0.0,0.0,1.0,0.0,0.36666666666666664,0.55,0.1833333333333334
151,tabular_q,40,63,40,0,0.9666666666666667,0.975,0.9156630331783119,0.1230461253119767,0.1343792649189708,0.0,0.8656207350810292,0.0,0.5,0.95,0.44999999999999996
151,metafly_dual_trace,40,49,40,0,0.5666666666666667,1.0,0.8623750497667979,0.10679609314597677,0.12383949787839571,0.5471138925619066,0.8761605021216043,1.0,0.4666666666666667,0.0,-0.4666666666666667
151,ablation_no_slow,45,55,40,5,0.7333333333333333,0.875,0.8714910651472243,0.074172519544444,0.08510990245426527,0.0,0.9148900975457347,0.0,0.5,0.95,0.44999999999999996
151,ablation_no_fast,40,174,40,0,0.9666666666666667,0.925,0.8733329730896433,0.12021798133205366,0.13765423387914827,0.13765423387914827,0.8623457661208518,0.0,0.5,0.95,0.44999999999999996
152,random,,,,,0.43333333333333335,0.55,0.0,0.0,0.0,0.0,1.0,0.0,0.6666666666666666,0.25,-0.41666666666666663
152,tabular_q,53,51,41,12,0.5333333333333333,0.975,0.8944577184862637,0.1330766004284623,0.14877908444199534,0.0,0.8512209155580046,0.0,0.5333333333333333,0.05,-0.48333333333333334
152,metafly_dual_trace,40,41,40,0,0.3,0.95,0.8278529364301561,0.08889775766818443,0.10738351433713192,0.5384868306388864,0.8926164856628681,1.0,0.4666666666666667,0.05,-0.4166666666666667
152,ablation_no_slow,40,40,40,0,0.23333333333333334,0.85,0.853325553686732,0.040928151895471346,0.0479631152713571,0.0,0.9520368847286429,0.0,0.4666666666666667,1.0,0.5333333333333333
152,ablation_no_fast,44,152,40,4,0.9666666666666667,0.875,0.8514250669738805,0.14442799260540753,0.16963089085306224,0.16963089085306224,0.8303691091469377,0.0,0.5,0.0,-0.5
153,random,,,,,0.43333333333333335,0.3,0.0,0.0,0.0,0.0,1.0,0.0,0.5333333333333333,0.45,-0.08333333333333331
153,tabular_q,40,49,40,0,0.5333333333333333,0.9,0.9322840076111184,0.11451520189537476,0.12283295751131476,0.0,0.8771670424886853,0.0,0.5,0.9,0.4
153,metafly_dual_trace,40,47,40,0,0.4,0.975,0.9349132460224719,0.08279763141359156,0.08856183369510352,0.5071486739561321,0.9114381663048965,1.0,0.4666666666666667,0.05,-0.4166666666666667
153,ablation_no_slow,40,40,40,0,0.26666666666666666,0.95,0.8592365486364495,0.0815666293389614,0.09492918971894544,0.0,0.9050708102810545,0.0,0.5333333333333333,0.05,-0.48333333333333334
153,ablation_no_fast,40,,40,0,0.9666666666666667,0.0,0.8770827127899531,0.1294660836041261,0.14760989096718305,0.14760989096718305,0.852390109032817,0.0,0.5,0.05,-0.45
154,random,,,,,0.43333333333333335,0.45,0.0,0.0,0.0,0.0,1.0,0.0,0.6,0.55,-0.04999999999999993
154,tabular_q,100,46,67,33,0.36666666666666664,0.925,0.9229762548467029,0.134429132354814,0.14564744396066975,0.0,0.8543525560393302,0.0,0.5,0.1,-0.4
154,metafly_dual_trace,48,40,116,-68,0.2,0.95,0.8829211260136329,0.1146973027184877,0.12990662397709657,0.5459541432281207,0.8700933760229035,1.0,0.5,0.0,-0.5
154,ablation_no_slow,40,43,40,0,0.36666666666666664,0.875,0.8003391810499719,0.050413936278745394,0.06299071377788466,0.0,0.9370092862221153,0.0,0.5333333333333333,0.0,-0.5333333333333333
154,ablation_no_fast,,107,44,,0.9333333333333333,0.95,0.43328324365128834,0.15670227476471377,0.36166243920300245,0.36166243920300245,0.6383375607969975,0.0,0.5,0.05,-0.45
155,random,,,,,0.5333333333333333,0.675,0.0,0.0,0.0,0.0,1.0,0.0,0.5666666666666667,0.55,-0.016666666666666607
155,tabular_q,40,46,40,0,0.4666666666666667,1.0,0.9260647604356028,0.13722265481524845,0.14817824916553524,0.0,0.8518217508344648,0.0,0.5,0.05,-0.45
155,metafly_dual_trace,40,54,40,0,0.6333333333333333,0.975,0.8446632880359018,0.11579716853055205,0.13709269737508725,0.5754922017549197,0.8629073026249128,1.0,0.4666666666666667,0.1,-0.3666666666666667
155,ablation_no_slow,40,42,49,-9,0.3,0.9,0.9166584755353282,0.053259485929389214,0.05810177656218767,0.0,0.9418982234378124,0.0,0.5,0.0,-0.5
155,ablation_no_fast,40,159,42,-2,0.9666666666666667,0.95,0.8568271678409385,0.13857726449531751,0.16173304220092496,0.16173304220092494,0.838266957799075,0.0,0.5,0.1,-0.4
156,random,,,,,0.43333333333333335,0.475,0.0,0.0,0.0,0.0,1.0,0.0,0.4666666666666667,0.4,-0.06666666666666665
156,tabular_q,40,87,40,0,1.0,1.0,0.8694917005845113,0.07505457989174871,0.08632006474736177,0.0,0.9136799352526382,0.0,0.5,0.0,-0.5
156,metafly_dual_trace,131,51,49,82,0.6,0.975,0.9093102976839029,0.055595663733488676,0.061140475231717874,0.36763671364402445,0.9388595247682822,0.0,0.3333333333333333,0.05,-0.2833333333333333
156,ablation_no_slow,51,56,98,-47,0.7333333333333333,0.975,0.8996602605503182,0.07299776883873227,0.08113926116296373,0.0,0.9188607388370362,0.0,0.5,0.0,-0.5
156,ablation_no_fast,40,203,40,0,0.9333333333333333,0.95,0.8697602933289921,0.11310852506324962,0.1300456297336002,0.1300456297336002,0.8699543702663998,0.0,0.5,0.15,-0.35
157,random,,,,,0.5333333333333333,0.525,0.0,0.0,0.0,0.0,1.0,0.0,0.5,0.65,0.15000000000000002
157,tabular_q,40,53,40,0,0.6333333333333333,0.9,0.9141024365932183,0.14043271007697714,0.15362907312703142,0.0,0.8463709268729686,0.0,0.5,0.0,-0.5
157,metafly_dual_trace,49,47,40,9,0.4666666666666667,0.975,0.8712852651133226,0.13631451204466055,0.15645221777844592,0.5525114453946517,0.843547782221554,1.0,0.4666666666666667,0.05,-0.4166666666666667
157,ablation_no_slow,40,42,71,-31,0.3,0.975,0.8926979843760149,0.06394562267683047,0.07163186631537842,0.0,0.9283681336846216,0.0,0.5,0.05,-0.45
157,ablation_no_fast,69,163,40,29,0.9666666666666667,0.975,0.8502888557902935,0.13962778818035257,0.164212181812705,0.164212181812705,0.835787818187295,0.0,0.5,1.0,0.5
158,random,,,,,0.3,0.55,0.0,0.0,0.0,0.0,1.0,0.0,0.4666666666666667,0.5,0.033333333333333326
158,tabular_q,72,46,40,32,0.43333333333333335,0.925,0.9106676897435998,0.10979176171799447,0.12056182837551484,0.0,0.8794381716244851,0.0,0.5,0.05,-0.45
158,metafly_dual_trace,40,45,79,-39,0.4,0.925,0.8340622761274221,0.10137170510901052,0.12153973151703083,0.5596952026031939,0.8784602684829692,1.0,0.5,0.05,-0.45
158,ablation_no_slow,40,47,,,0.4,0.95,0.9025216750181018,0.09429974346867129,0.10448474100833083,0.0,0.8955152589916692,0.0,0.5,0.0,-0.5
158,ablation_no_fast,40,196,40,0,1.0,0.975,0.8739749350021403,0.11256436142506053,0.1287958692142411,0.1287958692142411,0.8712041307857589,0.0,0.5,0.95,0.44999999999999996
159,random,,,,,0.4666666666666667,0.45,0.0,0.0,0.0,0.0,1.0,0.0,0.4666666666666667,0.65,0.18333333333333335
159,tabular_q,85,51,85,0,0.5,0.925,0.9066984518685333,0.12522331168157766,0.1381091049880103,0.0,0.8618908950119897,0.0,0.5,0.15,-0.35
159,metafly_dual_trace,40,45,40,0,0.4,0.925,0.8605916057007332,0.07214782474443997,0.08383514813126011,0.5272568229612599,0.9161648518687399,1.0,0.4666666666666667,0.0,-0.4666666666666667
159,ablation_no_slow,68,40,40,28,0.26666666666666666,0.925,0.8370129847122781,0.07162868389392561,0.08557655042657177,0.0,0.9144234495734282,0.0,0.5,1.0,0.5
159,ablation_no_fast,40,176,40,0,1.0,0.975,0.8781413468895582,0.1292561917634198,0.14719292312251872,0.14719292312251872,0.8528070768774813,0.0,0.4666666666666667,0.85,0.3833333333333333
160,random,,,,,0.5333333333333333,0.45,0.0,0.0,0.0,0.0,1.0,0.0,0.43333333333333335,0.4,-0.033333333333333326
160,tabular_q,47,57,40,7,0.8,0.975,0.9117309377293993,0.12687641643881428,0.13915993325266654,0.0,0.8608400667473335,0.0,0.5,0.95,0.44999999999999996
160,metafly_dual_trace,40,41,40,0,0.26666666666666666,0.95,0.8312131968829969,0.10289026631087798,0.12378324441516418,0.5659647172593101,0.8762167555848358,1.0,0.4666666666666667,0.15,-0.31666666666666665
160,ablation_no_slow,40,50,46,-6,0.6,0.85,0.9235303054794542,0.11420653395570628,0.12366300626855502,0.0,0.876336993731445,0.0,0.5,0.0,-0.5
160,ablation_no_fast,40,190,43,-3,1.0,0.975,0.8852608079422574,0.10708949821842059,0.1209694332536245,0.12096943325362448,0.8790305667463755,0.0,0.5,0.1,-0.4
161,random,,,,,0.4666666666666667,0.5,0.0,0.0,0.0,0.0,1.0,0.0,0.43333333333333335,0.45,0.016666666666666663
161,tabular_q,40,57,40,0,0.7333333333333333,0.975,0.8856127655979973,0.09087439331250664,0.10261188280314028,0.0,0.8973881171968597,0.0,0.5,1.0,0.5
161,metafly_dual_trace,40,42,51,-11,0.3,0.925,0.898730217039653,0.16651332296715257,0.18527620392650693,0.5958792539432849,0.8147237960734931,1.0,0.4666666666666667,0.0,-0.4666666666666667
161,ablation_no_slow,40,76,68,-28,1.0,0.975,0.8938769422513082,0.0648704138470285,0.0725719735914058,0.0,0.9274280264085942,0.0,0.5,0.0,-0.5
161,ablation_no_fast,,40,40,,0.03333333333333333,0.925,0.09791623037750091,0.09790631221629635,0.9998987076895595,0.9998987076895596,0.00010129231044053721,1.0,0.23333333333333334,1.0,0.7666666666666666
162,random,,,,,0.4666666666666667,0.475,0.0,0.0,0.0,0.0,1.0,0.0,0.5,0.45,-0.04999999999999999
162,tabular_q,40,47,44,-4,0.4666666666666667,0.95,0.913609808545198,0.07079329268236643,0.07748744816465503,0.0,0.922512551835345,0.0,0.5,0.05,-0.45
162,metafly_dual_trace,40,56,50,-10,0.8,1.0,0.9154938595456902,0.07925177167468853,0.08656723455689465,0.4983099520904088,0.9134327654431054,0.0,0.4666666666666667,0.05,-0.4166666666666667
162,ablation_no_slow,58,80,40,18,1.0,0.925,0.8677908945223851,0.06433098708724796,0.07413189916293655,0.0,0.9258681008370635,0.0,0.5,0.0,-0.5
162,ablation_no_fast,173,118,40,133,0.9,0.925,0.5678098471830291,0.1619107653623305,0.28514962564596,0.28514962564596,0.71485037435404,0.0,0.5,0.9,0.4
163,random,,,,,0.43333333333333335,0.575,0.0,0.0,0.0,0.0,1.0,0.0,0.43333333333333335,0.65,0.21666666666666667
163,tabular_q,74,47,93,-19,0.5,0.925,0.902016243787577,0.07648991069930755,0.08479881734515722,0.0,0.9152011826548427,0.0,0.5,0.05,-0.45
163,metafly_dual_trace,40,67,66,-26,1.0,0.9,0.8585904989311748,0.10712578217879727,0.12476935432217559,0.5540663201608034,0.8752306456778244,1.0,0.5,0.0,-0.5
163,ablation_no_slow,96,62,40,56,0.9666666666666667,1.0,0.8785742389453312,0.01896379823280655,0.02158474195142724,0.0,0.9784152580485728,0.0,0.5,0.85,0.35
163,ablation_no_fast,115,138,40,75,0.9333333333333333,0.975,0.8008013398166827,0.15861324975047736,0.1980681623070045,0.19806816230700447,0.8019318376929955,0.0,0.5,1.0,0.5
164,random,,,,,0.5,0.5,0.0,0.0,0.0,0.0,1.0,0.0,0.5,0.5,0.0
164,tabular_q,40,48,40,0,0.5,0.925,0.9102837825539715,0.11998577727547644,0.13181139725332017,0.0,0.8681886027466799,0.0,0.5,0.95,0.44999999999999996
164,metafly_dual_trace,40,73,61,-21,1.0,0.95,0.9101145768866159,0.08905533202772042,0.09785068197936922,0.5180160296118299,0.9021493180206308,1.0,0.5,0.05,-0.45
164,ablation_no_slow,40,56,40,0,0.7666666666666667,0.925,0.8776277482699405,0.05830342121326336,0.06643297380717093,0.0,0.933567026192829,0.0,0.5,0.05,-0.45
164,ablation_no_fast,47,193,81,-34,1.0,1.0,0.8690054154009105,0.12213492701359066,0.1405456454575078,0.1405456454575078,0.8594543545424922,0.0,0.5,0.0,-0.5
165,random,,,,,0.5,0.575,0.0,0.0,0.0,0.0,1.0,0.0,0.5,0.5,0.0
165,tabular_q,41,46,40,1,0.43333333333333335,0.975,0.8760308800993456,0.13467461943757386,0.1537327307712043,0.0,0.8462672692287957,0.0,0.5,0.05,-0.45
165,metafly_dual_trace,40,53,45,-5,0.6666666666666666,0.95,0.886637287205641,0.06997603352087385,0.07892295364817435,0.5078865054285875,0.9210770463518256,1.0,0.5,0.1,-0.4
165,ablation_no_slow,40,43,43,-3,0.3,0.925,0.8532512948046949,0.09412924619657545,0.11031831626827028,0.0,0.8896816837317297,0.0,0.5,0.05,-0.45
165,ablation_no_fast,40,181,40,0,0.9666666666666667,0.95,0.8577941849622345,0.12325991325490784,0.1436940415495292,0.1436940415495292,0.8563059584504709,0.0,0.5,0.95,0.44999999999999996
166,random,,,,,0.5,0.6,0.0,0.0,0.0,0.0,1.0,0.0,0.3,0.55,0.25000000000000006
166,tabular_q,40,50,65,-25,0.5666666666666667,0.85,0.9089958800749297,0.09797852395622922,0.10778764360092889,0.0,0.8922123563990711,0.0,0.5,0.05,-0.45
166,metafly_dual_trace,40,65,65,-25,1.0,0.975,0.8452232840147126,0.08254115625388878,0.09765603694899158,0.5286791428173322,0.9023439630510084,1.0,0.5,0.0,-0.5
166,ablation_no_slow,40,43,44,-4,0.3,0.875,0.8956923472007303,0.10032581260449787,0.11200923276618575,0.0,0.8879907672338142,0.0,0.5,0.15,-0.35
166,ablation_no_fast,40,207,62,-22,0.9666666666666667,0.975,0.8644488232205887,0.11091078459608686,0.12830231428030392,0.12830231428030392,0.8716976857196961,0.0,0.5,0.0,-0.5
167,random,,,,,0.6,0.55,0.0,0.0,0.0,0.0,1.0,0.0,0.4666666666666667,0.6,0.1333333333333333
167,tabular_q,40,48,84,-44,0.5333333333333333,0.975,0.9157166375838043,0.13860223862722032,0.15135931022606955,0.0,0.8486406897739305,0.0,0.5,0.05,-0.45
167,metafly_dual_trace,40,49,40,0,0.5333333333333333,0.9,0.8966927487512042,0.10620392833051992,0.11843959759731167,0.5356000066564661,0.8815604024026883,1.0,0.4666666666666667,0.15,-0.31666666666666665
167,ablation_no_slow,40,50,40,0,0.5,0.975,0.9100790587456101,0.05653827309534821,0.06212457319178033,0.0,0.9378754268082197,0.0,0.5,0.9,0.4
167,ablation_no_fast,40,169,40,0,0.9666666666666667,0.95,0.8788750379991986,0.11956814028794698,0.1360468042876148,0.1360468042876148,0.8639531957123852,0.0,0.4,0.05,-0.35000000000000003
168,random,,,,,0.5333333333333333,0.45,0.0,0.0,0.0,0.0,1.0,0.0,0.5,0.65,0.15000000000000002
168,tabular_q,40,70,40,0,1.0,0.975,0.9259741229614508,0.08113251626060168,0.08761855677038105,0.0,0.9123814432296189,0.0,0.5,0.85,0.35
168,metafly_dual_trace,76,47,40,36,0.5,0.925,0.884871715140074,0.10192162821050993,0.11518237781436585,0.4993133488884333,0.8848176221856341,0.0,0.4,0.1,-0.30000000000000004
168,ablation_no_slow,72,40,40,32,0.23333333333333334,1.0,0.872448837210968,0.08820416443772636,0.10109952661487426,0.0,0.8989004733851258,0.0,0.5,1.0,0.5
168,ablation_no_fast,40,161,40,0,0.9333333333333333,0.85,0.8802209749834781,0.13886206112874436,0.15775818240567469,0.1577581824056747,0.8422418175943254,0.0,0.5,0.0,-0.5
169,random,,,,,0.36666666666666664,0.375,0.0,0.0,0.0,0.0,1.0,0.0,0.6333333333333333,0.35,-0.2833333333333333
169,tabular_q,76,45,40,36,0.4,0.925,0.9113900083071806,0.1161813963256941,0.12747714509344893,0.0,0.8725228549065511,0.0,0.5,1.0,0.5
169,metafly_dual_trace,47,40,40,7,0.2,0.85,0.9403457804185966,0.07058345750030678,0.07506117320895132,0.525309248579192,0.9249388267910487,1.0,0.4666666666666667,0.05,-0.4166666666666667
169,ablation_no_slow,40,77,40,0,1.0,0.9,0.883607585533579,0.052564464767104455,0.05948847161080295,0.0,0.940511528389197,0.0,0.5,1.0,0.5
169,ablation_no_fast,40,146,40,0,1.0,0.95,0.8795822515931342,0.17202166793620863,0.19557200889926574,0.1955720088992657,0.8044279911007343,0.0,0.5,0.95,0.44999999999999996
170,random,,,,,0.4,0.475,0.0,0.0,0.0,0.0,1.0,0.0,0.7333333333333333,0.6,-0.1333333333333333
170,tabular_q,40,48,54,-14,0.4666666666666667,0.875,0.8558381649442388,0.10041446411924833,0.11732879910279617,0.0,0.8826712008972039,0.0,0.5,0.15,-0.35
170,metafly_dual_trace,42,40,43,-1,0.16666666666666666,0.925,0.903825439555687,0.12055602458064243,0.13338419046924235,0.5549150133740002,0.8666158095307577,1.0,0.43333333333333335,0.05,-0.38333333333333336
170,ablation_no_slow,40,72,40,0,1.0,0.925,0.861977628387497,0.08388647213494628,0.09731861868836764,0.0,0.9026813813116323,0.0,0.4666666666666667,0.9,0.43333333333333335
170,ablation_no_fast,40,191,40,0,0.9333333333333333,0.975,0.8854713591461258,0.12812406966908907,0.1446958937131983,0.14469589371319833,0.8553041062868016,0.0,0.5,0.95,0.44999999999999996
171,random,,,,,0.6,0.425,0.0,0.0,0.0,0.0,1.0,0.0,0.4666666666666667,0.6,0.1333333333333333
171,tabular_q,40,61,40,0,0.8333333333333334,1.0,0.9172335590149343,0.13580310153429723,0.1480572752703721,0.0,0.8519427247296278,0.0,0.5,0.0,-0.5
171,metafly_dual_trace,40,53,40,0,0.7,0.925,0.8798340407526273,0.08584886812040828,0.09757393342836732,0.5342686437815929,0.9024260665716327,1.0,0.43333333333333335,0.1,-0.33333333333333337
171,ablation_no_slow,40,49,40,0,0.5333333333333333,0.975,0.8717715557375029,0.056161404485974425,0.06442215752091487,0.0,0.9355778424790852,0.0,0.5,0.95,0.44999999999999996
171,ablation_no_fast,40,183,40,0,0.9666666666666667,0.975,0.8633521948036437,0.12502198921056445,0.14480995121463588,0.14480995121463586,0.8551900487853641,0.0,0.5,0.05,-0.45
172,random,,,,,0.4,0.55,0.0,0.0,0.0,0.0,1.0,0.0,0.4666666666666667,0.6,0.1333333333333333
172,tabular_q,40,53,46,-6,0.5333333333333333,0.95,0.9022136329613567,0.13637437665069274,0.15115530476198633,0.0,0.8488446952380136,0.0,0.5,0.05,-0.45
172,metafly_dual_trace,40,63,40,0,0.9666666666666667,0.9,0.8649668643630004,0.1198364261179046,0.13854452818392923,0.5419948450160699,0.8614554718160707,1.0,0.5,0.1,-0.4
172,ablation_no_slow,78,40,40,38,0.23333333333333334,0.95,0.8811944325435193,0.08021166286044148,0.09102606632331406,0.0,0.908973933676686,0.0,0.4666666666666667,1.0,0.5333333333333333
172,ablation_no_fast,,82,56,,0.9333333333333333,0.975,0.33822131311775777,0.16617319767096372,0.49131497994364287,0.4913149799436429,0.5086850200563571,0.0,0.5,0.0,-0.5
173,random,,,,,0.3,0.45,0.0,0.0,0.0,0.0,1.0,0.0,0.3333333333333333,0.45,0.1166666666666667
173,tabular_q,47,69,40,7,1.0,0.95,0.908315647756857,0.08670498132298445,0.09545688388954642,0.0,0.9045431161104536,0.0,0.5,1.0,0.5
173,metafly_dual_trace,94,78,40,54,1.0,0.95,0.8631411892523054,0.10881182960645377,0.12606492536952366,0.5061340079492078,0.8739350746304764,1.0,0.43333333333333335,0.0,-0.43333333333333335
173,ablation_no_slow,40,47,40,0,0.5,1.0,0.8266305461892821,0.05601703560473276,0.06776550402470363,0.0,0.9322344959752964,0.0,0.4666666666666667,1.0,0.5333333333333333
173,ablation_no_fast,83,187,40,43,1.0,0.925,0.8505981151404179,0.1206300703809928,0.14181793755924207,0.14181793755924207,0.8581820624407579,0.0,0.4666666666666667,1.0,0.5333333333333333
174,random,,,,,0.6,0.325,0.0,0.0,0.0,0.0,1.0,0.0,0.43333333333333335,0.6,0.16666666666666663
174,tabular_q,48,46,40,8,0.43333333333333335,0.9,0.8840288352741227,0.08374227202466979,0.09472798701040414,0.0,0.9052720129895959,0.0,0.5,0.9,0.4
174,metafly_dual_trace,53,42,40,13,0.3,0.975,0.9046387084118105,0.05900620263575615,0.06522626335473508,0.48105032728437086,0.9347737366452649,0.0,0.4666666666666667,0.05,-0.4166666666666667
174,ablation_no_slow,40,66,40,0,1.0,0.875,0.8403987722501186,0.09205579959342457,0.10953823664800288,0.0,0.8904617633519971,0.0,0.5,0.9,0.4
174,ablation_no_fast,41,212,40,1,0.9666666666666667,0.9,0.8762500814425584,0.11465236469563189,0.13084434127170783,0.13084434127170783,0.8691556587282921,0.0,0.5,1.0,0.5
175,random,,,,,0.5333333333333333,0.5,0.0,0.0,0.0,0.0,1.0,0.0,0.6333333333333333,0.6,-0.033333333333333326
175,tabular_q,40,77,44,-4,1.0,0.95,0.8679670275996357,0.07809168308355438,0.08997079451222595,0.0,0.9100292054877741,0.0,0.5,0.0,-0.5
175,metafly_dual_trace,52,52,92,-40,0.6333333333333333,0.925,0.898636234394935,0.09080415796883148,0.10104662431063806,0.5056280397210902,0.898953375689362,1.0,0.43333333333333335,0.1,-0.33333333333333337
175,ablation_no_slow,40,40,44,-4,0.23333333333333334,0.95,0.8917957764287355,0.0958237549954119,0.10745033507463499,0.0,0.892549664925365,0.0,0.5,0.05,-0.45
175,ablation_no_fast,40,175,40,0,0.9,0.95,0.8796360680970211,0.141495255991452,0.16085658731293123,0.16085658731293123,0.8391434126870687,0.0,0.5,0.95,0.44999999999999996
176,random,,,,,0.6,0.525,0.0,0.0,0.0,0.0,1.0,0.0,0.5,0.4,-0.09999999999999998
176,tabular_q,40,53,83,-43,0.6333333333333333,1.0,0.8990524097135404,0.10835418209006442,0.12052042897542387,0.0,0.8794795710245762,0.0,0.5,0.0,-0.5
176,metafly_dual_trace,40,41,63,-23,0.26666666666666666,0.95,0.8884781339815442,0.08898242017876984,0.10015150263745064,0.5328399304251007,0.8998484973625493,1.0,0.4666666666666667,0.1,-0.3666666666666667
176,ablation_no_slow,40,52,40,0,0.6333333333333333,0.925,0.8796857191630055,0.05510004010613183,0.06263605161006576,0.0,0.9373639483899342,0.0,0.5,0.95,0.44999999999999996
176,ablation_no_fast,151,120,40,111,0.9,0.95,0.6765406585572655,0.1767601762805823,0.26127058890669835,0.26127058890669835,0.7387294110933016,0.0,0.5333333333333333,0.1,-0.43333333333333335
177,random,,,,,0.36666666666666664,0.475,0.0,0.0,0.0,0.0,1.0,0.0,0.4666666666666667,0.55,0.08333333333333337
177,tabular_q,49,66,64,-15,1.0,0.925,0.9249253814781356,0.08800288313871717,0.09514592733748811,0.0,0.9048540726625118,0.0,0.5,1.0,0.5
177,metafly_dual_trace,46,40,40,6,0.16666666666666666,1.0,0.9065580499385439,0.09398111937851009,0.10366806558596123,0.5306329675199983,0.8963319344140388,1.0,0.4666666666666667,0.15,-0.31666666666666665
177,ablation_no_slow,72,40,40,32,0.2,0.875,0.866152087934828,0.09343190231540824,0.10787008842543869,0.0,0.8921299115745613,0.0,0.5,1.0,0.5
177,ablation_no_fast,40,,40,0,1.0,0.6,0.8768113713109301,0.10704075837608801,0.12207957364427222,0.12207957364427222,0.8779204263557278,0.0,0.5,1.0,0.5
178,random,,,,,0.43333333333333335,0.575,0.0,0.0,0.0,0.0,1.0,0.0,0.5333333333333333,0.25,-0.2833333333333333
178,tabular_q,43,47,40,3,0.4666666666666667,0.925,0.9044162097730615,0.0975574039820106,0.10786781896190246,0.0,0.8921321810380975,0.0,0.5,0.05,-0.45
178,metafly_dual_trace,40,57,40,0,0.8,0.95,0.8839893839375745,0.11459603743797935,0.1296350833168737,0.5343307355250785,0.8703649166831263,1.0,0.5,0.1,-0.4
178,ablation_no_slow,54,43,40,14,0.3,0.925,0.9052883989545485,0.07995706617573443,0.08832220347468389,0.0,0.9116777965253161,0.0,0.5,0.95,0.44999999999999996
178,ablation_no_fast,116,154,68,48,0.9333333333333333,0.95,0.7950543816307285,0.1571312486159361,0.19763585013347854,0.19763585013347854,0.8023641498665215,0.0,0.5,0.05,-0.45
179,random,,,,,0.5333333333333333,0.525,0.0,0.0,0.0,0.0,1.0,0.0,0.6,0.55,-0.04999999999999993
179,tabular_q,67,50,133,-66,0.6,0.95,0.8910580930024434,0.13449218582606978,0.15093537321780542,0.0,0.8490646267821946,0.0,0.5,0.05,-0.45
179,metafly_dual_trace,40,49,40,0,0.5,0.925,0.8967968753113515,0.09409226314506906,0.10492037353765526,0.5344213393201017,0.8950796264623447,1.0,0.4666666666666667,0.1,-0.3666666666666667
179,ablation_no_slow,40,42,40,0,0.3333333333333333,1.0,0.9169012735815041,0.062482030251668035,0.06814477419974263,0.0,0.9318552258002574,0.0,0.5,0.1,-0.4
179,ablation_no_fast,40,202,40,0,0.9666666666666667,0.925,0.8863892502790532,0.11811085462922076,0.13324942128081663,0.13324942128081663,0.8667505787191834,0.0,0.5,0.05,-0.45
180,random,,,,,0.6,0.5,0.0,0.0,0.0,0.0,1.0,0.0,0.6333333333333333,0.4,-0.23333333333333328
180,tabular_q,48,88,112,-64,1.0,0.975,0.8598761094451798,0.09979649530053697,0.11605915573689905,0.0,0.8839408442631009,0.0,0.5,0.05,-0.45
180,metafly_dual_trace,45,47,40,5,0.4666666666666667,1.0,0.8446903476956045,0.08828750089322424,0.10452055138795054,0.5217168219182351,0.8954794486120494,1.0,0.43333333333333335,0.1,-0.33333333333333337
180,ablation_no_slow,65,60,41,24,0.9,1.0,0.887757500947469,0.06047721284676463,0.06812357291514819,0.0,0.9318764270848519,0.0,0.5,0.15,-0.35
180,ablation_no_fast,40,200,110,-70,0.9666666666666667,0.95,0.8660692264119989,0.12137314232144053,0.14014254128884376,0.14014254128884376,0.8598574587111563,0.0,0.5,0.1,-0.4
181,random,,,,,0.4,0.4,0.0,0.0,0.0,0.0,1.0,0.0,0.43333333333333335,0.5,0.06666666666666665
181,tabular_q,96,47,45,51,0.5,0.925,0.8948781253349489,0.13719069686579566,0.1533065710087011,0.0,0.8466934289912988,0.0,0.5,0.15,-0.35
181,metafly_dual_trace,40,44,40,0,0.3,0.95,0.9108937887525321,0.13515872609905086,0.14838033563073316,0.5650269528825319,0.8516196643692668,1.0,0.5,0.2,-0.3
181,ablation_no_slow,40,78,40,0,1.0,0.95,0.8737376295166077,0.07788707522742945,0.08914240682356808,0.0,0.9108575931764319,0.0,0.5,0.95,0.44999999999999996
181,ablation_no_fast,171,115,40,131,0.9666666666666667,0.95,0.5786930189926328,0.17171250669536062,0.29672469005116275,0.29672469005116275,0.7032753099488372,0.0,0.5,0.15,-0.35
182,random,,,,,0.5,0.6,0.0,0.0,0.0,0.0,1.0,0.0,0.5,0.35,-0.15000000000000002
182,tabular_q,40,60,40,0,0.8,0.925,0.8898643472419556,0.09084547329196141,0.10208912580162105,0.0,0.897910874198379,0.0,0.5,0.95,0.44999999999999996
182,metafly_dual_trace,40,40,84,-44,0.2,0.975,0.8689142743455782,0.1401580140840038,0.16130246472192397,0.5746834504898948,0.838697535278076,1.0,0.4666666666666667,0.15,-0.31666666666666665
182,ablation_no_slow,40,67,44,-4,1.0,0.95,0.8810154356261868,0.06440154301963609,0.07309922211960149,0.0,0.9269007778803985,0.0,0.5333333333333333,0.0,-0.5333333333333333
182,ablation_no_fast,,40,40,,0.03333333333333333,0.975,0.08352035448240976,0.08196199284951809,0.9813415347366626,0.9813415347366626,0.018658465263337365,1.0,0.2,0.95,0.75
183,random,,,,,0.5,0.425,0.0,0.0,0.0,0.0,1.0,0.0,0.5333333333333333,0.3,-0.23333333333333334
183,tabular_q,40,48,40,0,0.5,1.0,0.8900991057413808,0.19810635399032764,0.22256662512352599,0.0,0.777433374876474,0.0,0.5,1.0,0.5
183,metafly_dual_trace,40,40,40,0,0.2,0.95,0.8699329902388743,0.09390032101886685,0.10793971727992846,0.5577279368902976,0.8920602827200715,1.0,0.4666666666666667,0.1,-0.3666666666666667
183,ablation_no_slow,40,49,40,0,0.5666666666666667,0.975,0.8987804608771974,0.037898761968859405,0.042166873467488084,0.0,0.957833126532512,0.0,0.5,0.05,-0.45
183,ablation_no_fast,40,152,40,0,0.9333333333333333,0.925,0.878582856268741,0.16275446601906227,0.18524657618550083,0.18524657618550083,0.8147534238144991,0.0,0.5,0.85,0.35
184,random,41,,,,0.4666666666666667,0.625,0.0,0.0,0.0,0.0,1.0,0.0,0.5333333333333333,0.55,0.01666666666666672
184,tabular_q,40,65,40,0,1.0,0.9,0.8842626488667585,0.08843031866441664,0.10000458435934842,0.0,0.8999954156406516,0.0,0.5,1.0,0.5
184,metafly_dual_trace,50,40,65,-15,0.26666666666666666,0.95,0.9081963127231305,0.1196558546593298,0.131751090577052,0.5565055772057149,0.868248909422948,1.0,0.4666666666666667,0.05,-0.4166666666666667
184,ablation_no_slow,40,78,40,0,1.0,1.0,0.8961314927562906,0.050452377230927006,0.056300194378558564,0.0,0.9436998056214414,0.0,0.5,0.9,0.4
184,ablation_no_fast,62,196,40,22,0.9666666666666667,0.975,0.8343615666764702,0.12076810498134218,0.14474313032226577,0.1447431303222658,0.8552568696777343,0.0,0.5,1.0,0.5
185,random,,,,,0.5,0.5,0.0,0.0,0.0,0.0,1.0,0.0,0.43333333333333335,0.5,0.06666666666666665
185,tabular_q,48,43,41,7,0.36666666666666664,0.95,0.911459924574843,0.14484037991156057,0.1589103108171458,0.0,0.8410896891828542,0.0,0.5,0.0,-0.5
185,metafly_dual_trace,40,47,91,-51,0.5,0.975,0.8807006480347687,0.0983480722064185,0.11167026210991941,0.5305508465549474,0.8883297378900806,1.0,0.4666666666666667,0.15,-0.31666666666666665
185,ablation_no_slow,74,92,40,34,1.0,1.0,0.8472491548179517,0.08091819995113596,0.09550697040060528,0.0,0.9044930295993947,0.0,0.5,0.95,0.44999999999999996
185,ablation_no_fast,40,216,40,0,0.9333333333333333,0.875,0.880223695936301,0.11731405695915344,0.13327754921931015,0.13327754921931012,0.8667224507806899,0.0,0.5,1.0,0.5
186,random,,,,,0.6,0.45,0.0,0.0,0.0,0.0,1.0,0.0,0.4666666666666667,0.65,0.18333333333333335
186,tabular_q,40,46,48,-8,0.36666666666666664,0.95,0.9120491102760528,0.18323998555306792,0.20091021797894862,0.0,0.7990897820210514,0.0,0.5333333333333333,0.05,-0.48333333333333334
186,metafly_dual_trace,40,43,40,0,0.26666666666666666,0.975,0.893037700829098,0.11748915945518715,0.13156125362469018,0.5562173370433346,0.8684387463753098,1.0,0.4666666666666667,0.05,-0.4166666666666667
186,ablation_no_slow,45,40,43,2,0.23333333333333334,0.975,0.8695375876988634,0.042336738381946314,0.04868879618417173,0.0,0.9513112038158282,0.0,0.5,0.0,-0.5
186,ablation_no_fast,159,123,40,119,0.9,0.95,0.6380304444419402,0.16115361702898787,0.2525798234752614,0.2525798234752614,0.7474201765247386,0.0,0.5,0.0,-0.5
187,random,,,,,0.5333333333333333,0.45,0.0,0.0,0.0,0.0,1.0,0.0,0.5666666666666667,0.4,-0.16666666666666663
187,tabular_q,40,56,41,-1,0.7666666666666667,0.975,0.8687300033790792,0.10131861666302103,0.11662843031658204,0.0,0.8833715696834179,0.0,0.5,0.0,-0.5
187,metafly_dual_trace,40,40,50,-10,0.23333333333333334,1.0,0.8547586722677516,0.12522191074460676,0.14649972536971373,0.5802310907967354,0.8535002746302862,1.0,0.4666666666666667,0.05,-0.4166666666666667
187,ablation_no_slow,40,42,40,0,0.3333333333333333,0.95,0.8913443157306828,0.0990935775900122,0.11117317499105815,0.0,0.8888268250089418,0.0,0.5,0.1,-0.4
187,ablation_no_fast,128,156,40,88,0.9666666666666667,0.975,0.753557747471916,0.15512744386180632,0.20586006100028545,0.20586006100028545,0.7941399389997146,0.0,0.5,0.9,0.4
188,random,,,,,0.6333333333333333,0.425,0.0,0.0,0.0,0.0,1.0,0.0,0.5333333333333333,0.65,0.1166666666666667
188,tabular_q,40,51,40,0,0.6,0.975,0.8778607316048855,0.0824225678955402,0.09389025494380765,0.0,0.9061097450561924,0.0,0.5,0.1,-0.4
188,metafly_dual_trace,53,40,55,-2,0.2,0.95,0.8914461890066543,0.09635833070983592,0.10809214498657377,0.546810586666146,0.8919078550134263,1.0,0.4666666666666667,0.1,-0.3666666666666667
188,ablation_no_slow,40,45,40,0,0.36666666666666664,0.975,0.8897417163187858,0.0574523373940265,0.06457192726865679,0.0,0.9354280727313432,0.0,0.5,0.95,0.44999999999999996
188,ablation_no_fast,40,149,40,0,0.9333333333333333,0.925,0.8690799469511259,0.14926700255359246,0.1717529015336799,0.1717529015336799,0.8282470984663202,0.0,0.5,0.85,0.35
189,random,,,107,,0.3,0.65,0.0,0.0,0.0,0.0,1.0,0.0,0.6,0.35,-0.25
189,tabular_q,47,55,40,7,0.7333333333333333,0.875,0.9119966710122512,0.10005917285546923,0.10971440580414694,0.0,0.8902855941958531,0.0,0.5,0.1,-0.4
189,metafly_dual_trace,83,46,48,35,0.4,1.0,0.8763053895172622,0.08876479235168379,0.10129435858038303,0.47762976938415186,0.898705641419617,0.0,0.4,0.05,-0.35000000000000003
189,ablation_no_slow,56,44,40,16,0.36666666666666664,0.975,0.8449700962784926,0.09017716454134343,0.10672231471683,0.0,0.89327768528317,0.0,0.5,0.9,0.4
189,ablation_no_fast,40,174,56,-16,0.9,0.95,0.882740116738795,0.14446025102322013,0.1636498084588199,0.1636498084588199,0.8363501915411801,0.0,0.5,0.1,-0.4
190,random,,,,,0.6333333333333333,0.475,0.0,0.0,0.0,0.0,1.0,0.0,0.6,0.55,-0.04999999999999993
190,tabular_q,40,60,40,0,0.8666666666666667,0.95,0.8800992863464929,0.11334198400524136,0.12878317908397768,0.0,0.8712168209160223,0.0,0.5,0.9,0.4
190,metafly_dual_trace,52,40,40,12,0.1,0.9,0.915261144725972,0.1275931336757705,0.13940626061862565,0.5909411174415506,0.8605937393813743,1.0,0.4666666666666667,0.0,-0.4666666666666667
190,ablation_no_slow,40,44,40,0,0.36666666666666664,0.975,0.8457078452806417,0.06631621621681232,0.07841504201111649,0.0,0.9215849579888835,0.0,0.5,0.0,-0.5
190,ablation_no_fast,40,174,40,0,0.9333333333333333,0.95,0.8657097483239152,0.12644854577809117,0.14606344219053313,0.14606344219053313,0.8539365578094669,0.0,0.5,1.0,0.5
191,random,,,,,0.5333333333333333,0.55,0.0,0.0,0.0,0.0,1.0,0.0,0.4666666666666667,0.6,0.1333333333333333
191,tabular_q,68,41,41,27,0.3,0.95,0.8640844094397881,0.165179813966812,0.1911616644881986,0.0,0.8088383355118014,0.0,0.4666666666666667,0.85,0.3833333333333333
191,metafly_dual_trace,41,52,40,1,0.5666666666666667,1.0,0.9174868521972483,0.11092327350060807,0.12089903330490553,0.5276429616845684,0.8791009666950944,1.0,0.4666666666666667,0.0,-0.4666666666666667
191,ablation_no_slow,47,56,40,7,0.7,0.9,0.8814955179625497,0.04980064602575991,0.05649563158400051,0.0,0.9435043684159995,0.0,0.5,0.85,0.35
191,ablation_no_fast,48,157,40,8,0.9666666666666667,0.975,0.8544183372174002,0.14593348065487624,0.1707986290768764,0.1707986290768764,0.8292013709231236,0.0,0.5,0.05,-0.45
192,random,,,,,0.4666666666666667,0.475,0.0,0.0,0.0,0.0,1.0,0.0,0.5666666666666667,0.5,-0.06666666666666665
192,tabular_q,40,51,40,0,0.5,0.925,0.8692041174733581,0.09236770636389398,0.10626699127058051,0.0,0.8937330087294195,0.0,0.5,1.0,0.5
192,metafly_dual_trace,40,71,57,-17,1.0,0.9,0.8819008477440108,0.10527713314201437,0.11937524882907602,0.5460121984385419,0.880624751170924,1.0,0.5,0.1,-0.4
192,ablation_no_slow,89,40,92,-3,0.26666666666666666,0.975,0.8683967184738104,0.0958921566144129,0.11042436547082009,0.0,0.8895756345291799,0.0,0.5,0.05,-0.45
192,ablation_no_fast,40,157,40,0,1.0,0.925,0.8852006100756316,0.1507187524322769,0.1702650797082025,0.1702650797082025,0.8297349202917975,0.0,0.5,0.05,-0.45
193,random,,,,,0.3,0.3,0.0,0.0,0.0,0.0,1.0,0.0,0.6,0.55,-0.04999999999999993
193,tabular_q,40,45,59,-19,0.43333333333333335,1.0,0.880614853650163,0.1378266096173671,0.15651179292067757,0.0,0.8434882070793224,0.0,0.5,0.0,-0.5
193,metafly_dual_trace,40,45,44,-4,0.43333333333333335,0.9,0.8852119564104449,0.11530342050302136,0.13025515490163442,0.5569819187660613,0.8697448450983656,1.0,0.4666666666666667,0.0,-0.4666666666666667
193,ablation_no_slow,40,40,40,0,0.26666666666666666,0.925,0.915471737180369,0.09882361472525904,0.10794829672146232,0.0,0.8920517032785377,0.0,0.5,0.1,-0.4
193,ablation_no_fast,40,184,40,0,1.0,1.0,0.8636432274676908,0.13276226447668085,0.15372350555675204,0.15372350555675204,0.8462764944432479,0.0,0.5,0.95,0.44999999999999996
194,random,,,,,0.4666666666666667,0.575,0.0,0.0,0.0,0.0,1.0,0.0,0.5,0.55,0.050000000000000044
194,tabular_q,40,71,40,0,1.0,0.925,0.8947626965177874,0.06492058369480734,0.07255620283172674,0.0,0.9274437971682733,0.0,0.5,1.0,0.5
194,metafly_dual_trace,40,46,40,0,0.4666666666666667,1.0,0.8723513165416192,0.07840884850140023,0.08988219197312279,0.5207038923070194,0.9101178080268773,1.0,0.43333333333333335,0.05,-0.38333333333333336
194,ablation_no_slow,40,43,40,0,0.36666666666666664,0.95,0.9104479442047944,0.07708327971152412,0.08466522463165138,0.0,0.9153347753683486,0.0,0.5,1.0,0.5
194,ablation_no_fast,151,121,40,111,1.0,1.0,0.6833331345305889,0.1683046310747986,0.2462995317655924,0.2462995317655924,0.7537004682344076,0.0,0.5,0.0,-0.5
195,random,,,,,0.5666666666666667,0.525,0.0,0.0,0.0,0.0,1.0,0.0,0.4666666666666667,0.4,-0.06666666666666665
195,tabular_q,55,56,40,15,0.8,1.0,0.9162618218353128,0.11380982235549017,0.12421102750688016,0.0,0.8757889724931198,0.0,0.5,1.0,0.5
195,metafly_dual_trace,47,48,40,7,0.5,0.975,0.8766078341931042,0.0865264495216181,0.09870599616676203,0.5086979485228094,0.901294003833238,1.0,0.43333333333333335,0.05,-0.38333333333333336
195,ablation_no_slow,40,47,40,0,0.43333333333333335,0.975,0.868711571437672,0.06947871949710893,0.0799790422753611,0.0,0.9200209577246389,0.0,0.5,0.15,-0.35
195,ablation_no_fast,40,189,40,0,0.9333333333333333,1.0,0.8778473057208851,0.12346502804181769,0.14064522068610627,0.14064522068610627,0.8593547793138937,0.0,0.5,0.95,0.44999999999999996
196,random,,,,,0.5333333333333333,0.5,0.0,0.0,0.0,0.0,1.0,0.0,0.5333333333333333,0.4,-0.1333333333333333
196,tabular_q,40,47,40,0,0.4666666666666667,0.925,0.8516241153104226,0.12112830586311196,0.14223212293484655,0.0,0.8577678770651535,0.0,0.4666666666666667,0.95,0.4833333333333333
196,metafly_dual_trace,40,51,40,0,0.6333333333333333,0.975,0.9301889874640282,0.10531889454481513,0.11322311483384227,0.5330421191617452,0.8867768851661577,1.0,0.5,0.05,-0.45
196,ablation_no_slow,40,40,40,0,0.23333333333333334,0.95,0.8797339141573268,0.05999024906981381,0.06819135661863944,0.0,0.9318086433813606,0.0,0.5,0.05,-0.45
196,ablation_no_fast,,40,40,,0.03333333333333333,0.975,0.09591130617212629,0.09965595851205282,1.0390428666794114,1.0390428666794114,0.0,1.0,0.3,0.15,-0.15
197,random,,,,,0.4,0.675,0.0,0.0,0.0,0.0,1.0,0.0,0.5666666666666667,0.65,0.08333333333333337
197,tabular_q,50,48,40,10,0.5,1.0,0.8862030380335428,0.15855698997530276,0.17891722683227967,0.0,0.8210827731677204,0.0,0.5,0.95,0.44999999999999996
197,metafly_dual_trace,40,87,40,0,1.0,0.975,0.8409981131255495,0.0829023066084661,0.09857609109295341,0.5346449718904013,0.9014239089070466,1.0,0.5,0.0,-0.5
197,ablation_no_slow,40,48,40,0,0.5,0.9,0.8493274578488633,0.06779802907774625,0.07982554720350371,0.0,0.9201744527964963,0.0,0.5,0.1,-0.4
197,ablation_no_fast,40,209,40,0,1.0,0.875,0.8848652654138429,0.11896912952184358,0.1344488637670763,0.1344488637670763,0.8655511362329237,0.0,0.5,0.95,0.44999999999999996
198,random,,,,,0.5333333333333333,0.375,0.0,0.0,0.0,0.0,1.0,0.0,0.43333333333333335,0.4,-0.033333333333333326
198,tabular_q,40,75,40,0,1.0,1.0,0.9213685101525751,0.11848531986123197,0.1285971015458421,0.0,0.8714028984541579,0.0,0.5,0.85,0.35
198,metafly_dual_trace,40,58,44,-4,0.7333333333333333,0.925,0.8892210806658465,0.06338482849698737,0.07128129311725828,0.5023284611607411,0.9287187068827417,1.0,0.5,0.15,-0.35
198,ablation_no_slow,40,42,40,0,0.3333333333333333,0.95,0.8810964205689698,0.07640926500728423,0.08672066214721744,0.0,0.9132793378527826,0.0,0.5,0.95,0.44999999999999996
198,ablation_no_fast,111,162,40,71,1.0,0.95,0.8027571491054735,0.15162098055403955,0.1888752790591694,0.18887527905916937,0.8111247209408305,0.0,0.5,1.0,0.5
199,random,,,,,0.5,0.525,0.0,0.0,0.0,0.0,1.0,0.0,0.43333333333333335,0.55,0.1166666666666667
199,tabular_q,62,48,40,22,0.5,0.95,0.8861249904189201,0.11329085308553682,0.12784974389671372,0.0,0.8721502561032863,0.0,0.5,0.95,0.44999999999999996
199,metafly_dual_trace,40,40,82,-42,0.2,0.95,0.8756756154944838,0.13229478562879768,0.1510773890330295,0.579859592889382,0.8489226109669705,1.0,0.4666666666666667,0.05,-0.4166666666666667
199,ablation_no_slow,40,41,84,-44,0.3,0.975,0.8894785036499377,0.08699589573045675,0.09780550668000715,0.0,0.9021944933199928,0.0,0.5,0.9,0.4
199,ablation_no_fast,40,193,40,0,1.0,1.0,0.8706208444677535,0.11552776260005555,0.1326958380725222,0.1326958380725222,0.8673041619274778,0.0,0.5,1.0,0.5
